"","node1","node2","score"
"1","ABCE1","FBL",0.625
"2","ABCE1","HSPE1",0.427
"3","ABCE1","WDR12",0.59
"4","ABCE1","CSE1L",0.585
"5","ABCE1","PPAT",0.457
"6","ABCE1","RPL29",0.833
"7","ABCE1","PUS7",0.44
"8","ABCE1","PAICS",0.544
"9","ABCE1","DDX21",0.557
"10","ABCE1","CCT2",0.565
"11","ABCE1","DKC1",0.605
"12","ABCE1","RPS21",0.965
"13","ABCE1","RPS15",0.976
"14","ABCE1","RPS7",0.978
"15","ACTL6A","CCNB1",0.443
"16","ACTL6A","CDK4",0.696
"17","ACTL6A","CHTF18",0.58
"18","ACTL6A","ARID3A",0.427
"19","ACTL6A","SNRPF",0.511
"20","ACTL6A","MAD2L1",0.414
"21","ACTL6A","CCT2",0.519
"22","ACTL6A","MCM7",0.445
"23","ACTL6A","CENPA",0.431
"24","ACTL6A","RFC4",0.514
"25","ACTL6A","TOP2A",0.576
"26","ACTL6A","MYC",0.891
"27","AGT","CXCL6",0.531
"28","AGT","NMU",0.489
"29","AGT","STC1",0.425
"30","AGT","CXCL5",0.589
"31","AGT","MMP3",0.422
"32","AGT","CXCL10",0.71
"33","AGT","MMP1",0.429
"34","AGT","CCL20",0.599
"35","AGT","CXCL9",0.6
"36","AGT","GNG4",0.533
"37","AGT","CXCL2",0.596
"38","AGT","CXCL1",0.653
"39","AGT","NPY",0.784
"40","AHCY","MYC",0.419
"41","AHCY","HSPD1",0.424
"42","AHCY","RPS15",0.43
"43","AHCY","GPT2",0.471
"44","AHCY","CCT2",0.473
"45","AHCY","IMPDH1",0.474
"46","AHCY","PAICS",0.493
"47","AHCY","MTHFD1L",0.505
"48","AHCY","PSAT1",0.508
"49","AHCY","MTHFD2",0.51
"50","AHCY","TYMS",0.551
"51","AHCY","IMPDH2",0.674
"52","AHCY","SHMT2",0.857
"53","AHCY","DNMT1",0.952
"54","ANKRD22","ASB9",0.458
"55","ANLN","TRIP13",0.748
"56","ANLN","AURKA",0.741
"57","ANLN","FBL",0.432
"58","ANLN","RAD51AP1",0.493
"59","ANLN","CCNB1",0.86
"60","ANLN","KIF11",0.947
"61","ANLN","MCM4",0.841
"62","ANLN","MCM2",0.678
"63","ANLN","PRKDC",0.426
"64","ANLN","CDC25A",0.43
"65","ANLN","LRP8",0.436
"66","ANLN","PCLAF",0.446
"67","ANLN","CDCA7",0.454
"68","ANLN","TACC3",0.46
"69","ANLN","DTL",0.469
"70","ANLN","TK1",0.472
"71","ANLN","CKS1B",0.474
"72","ANLN","LMNB2",0.504
"73","ANLN","CDT1",0.527
"74","ANLN","RTKN",0.538
"75","ANLN","RAD54L",0.541
"76","ANLN","UHRF1",0.541
"77","ANLN","ATAD2",0.548
"78","ANLN","RFC4",0.558
"79","ANLN","PTTG1",0.579
"80","ANLN","CKS2",0.63
"81","ANLN","CCNB2",0.633
"82","ANLN","CHEK1",0.633
"83","ANLN","CDKN3",0.641
"84","ANLN","KIF15",0.645
"85","ANLN","CENPA",0.647
"86","ANLN","CDCA3",0.649
"87","ANLN","UBE2T",0.653
"88","ANLN","CDCA5",0.672
"89","ANLN","MAD2L1",0.682
"90","ANLN","MCM7",0.693
"91","ANLN","CDC20",0.701
"92","ANLN","TTK",0.704
"93","ANLN","NUSAP1",0.712
"94","ANLN","TYMS",0.729
"95","ANLN","CCNA2",0.747
"96","ANLN","EXO1",0.754
"97","ANLN","UBE2C",0.773
"98","ANLN","KIF4A",0.782
"99","ANLN","CDCA8",0.789
"100","ANLN","IQGAP3",0.795
"101","ANLN","BUB1B",0.8
"102","ANLN","PBK",0.811
"103","ANLN","KIF2C",0.821
"104","ANLN","MELK",0.831
"105","ANLN","PRC1",0.839
"106","ANLN","CENPF",0.842
"107","ANLN","AURKB",0.846
"108","ANLN","TOP2A",0.861
"109","ANLN","HMMR",0.88
"110","ANLN","ASPM",0.9
"111","ANLN","BUB1",0.917
"112","ANLN","TPX2",0.923
"113","ANLN","CEP55",0.93
"114","ANLN","KIF20A",0.949
"115","ANXA3","S100A11",0.605
"116","ARID3A","TEAD4",0.56
"117","ASB9","CKMT2",0.708
"118","ASCL2","SOX9",0.524
"119","ASCL2","AXIN2",0.631
"120","ASCL2","EPHB3",0.537
"121","ASCL2","RNF43",0.431
"122","ASCL2","MYC",0.434
"123","ASF1B","TRIP13",0.531
"124","ASF1B","AURKA",0.751
"125","ASF1B","RNASEH2A",0.595
"126","ASF1B","RAD51AP1",0.544
"127","ASF1B","CCNB1",0.59
"128","ASF1B","TROAP",0.478
"129","ASF1B","KIF11",0.675
"130","ASF1B","MCM4",0.918
"131","ASF1B","CHTF18",0.415
"132","ASF1B","TYMS",0.418
"133","ASF1B","RFC4",0.422
"134","ASF1B","PRC1",0.448
"135","ASF1B","KIF15",0.449
"136","ASF1B","IQGAP3",0.458
"137","ASF1B","ATAD2",0.477
"138","ASF1B","UBE2T",0.492
"139","ASF1B","DTL",0.495
"140","ASF1B","CDCA7",0.505
"141","ASF1B","MAD2L1",0.511
"142","ASF1B","TTK",0.53
"143","ASF1B","HMMR",0.531
"144","ASF1B","UHRF1",0.549
"145","ASF1B","TACC3",0.552
"146","ASF1B","CHEK1",0.566
"147","ASF1B","MELK",0.574
"148","ASF1B","CCNB2",0.587
"149","ASF1B","TPX2",0.596
"150","ASF1B","ASPM",0.603
"151","ASF1B","CDCA5",0.603
"152","ASF1B","KIF4A",0.616
"153","ASF1B","BUB1",0.62
"154","ASF1B","CEP55",0.628
"155","ASF1B","PTTG1",0.636
"156","ASF1B","CDT1",0.647
"157","ASF1B","TK1",0.648
"158","ASF1B","RAD54L",0.657
"159","ASF1B","BUB1B",0.7
"160","ASF1B","AURKB",0.702
"161","ASF1B","TOP2A",0.709
"162","ASF1B","KIF2C",0.71
"163","ASF1B","EXO1",0.717
"164","ASF1B","CENPF",0.726
"165","ASF1B","UBE2C",0.729
"166","ASF1B","NUSAP1",0.739
"167","ASF1B","PBK",0.743
"168","ASF1B","PCLAF",0.772
"169","ASF1B","CCNA2",0.783
"170","ASF1B","CDC20",0.806
"171","ASF1B","CDCA3",0.809
"172","ASF1B","CDCA8",0.829
"173","ASF1B","CENPA",0.831
"174","ASF1B","MCM3",0.832
"175","ASF1B","KIF20A",0.84
"176","ASF1B","MCM7",0.9
"177","ASF1B","MCM2",0.996
"178","ASPM","TRIP13",0.729
"179","ASPM","AURKA",0.93
"180","ASPM","RAD51AP1",0.673
"181","ASPM","CCNB1",0.952
"182","ASPM","CDK4",0.459
"183","ASPM","TROAP",0.764
"184","ASPM","KIF11",0.989
"185","ASPM","MCM4",0.678
"186","ASPM","POLQ",0.533
"187","ASPM","MCM2",0.54
"188","ASPM","CDCA5",0.746
"189","ASPM","ATAD2",0.581
"190","ASPM","BUB1B",0.974
"191","ASPM","CCNB2",0.951
"192","ASPM","MAD2L1",0.812
"193","ASPM","MELK",0.946
"194","ASPM","PCLAF",0.909
"195","ASPM","TPX2",0.949
"196","ASPM","CDT1",0.578
"197","ASPM","BUB1",0.976
"198","ASPM","CDC25A",0.456
"199","ASPM","CDCA7",0.477
"200","ASPM","MCM7",0.509
"201","ASPM","CKS1B",0.527
"202","ASPM","AURKB",0.89
"203","ASPM","TYMS",0.76
"204","ASPM","KIF15",0.971
"205","ASPM","TACC3",0.553
"206","ASPM","CDKN3",0.854
"207","ASPM","CENPA",0.865
"208","ASPM","UBE2C",0.943
"209","ASPM","IQGAP3",0.615
"210","ASPM","EXO1",0.848
"211","ASPM","CENPF",0.987
"212","ASPM","DTL",0.848
"213","ASPM","MCM3",0.451
"214","ASPM","RFC4",0.507
"215","ASPM","UHRF1",0.569
"216","ASPM","MYC",0.573
"217","ASPM","CHEK1",0.645
"218","ASPM","RAD54L",0.667
"219","ASPM","CKS2",0.745
"220","ASPM","TK1",0.763
"221","ASPM","UBE2T",0.827
"222","ASPM","CDCA3",0.864
"223","ASPM","PTTG1",0.866
"224","ASPM","PRC1",0.921
"225","ASPM","HMMR",0.928
"226","ASPM","KIF2C",0.936
"227","ASPM","NUSAP1",0.94
"228","ASPM","CCNA2",0.944
"229","ASPM","CEP55",0.95
"230","ASPM","CDCA8",0.95
"231","ASPM","PBK",0.951
"232","ASPM","KIF4A",0.952
"233","ASPM","TTK",0.957
"234","ASPM","CDC20",0.972
"235","ASPM","STIL",0.972
"236","ASPM","KIF20A",0.975
"237","ASPM","TOP2A",0.996
"238","ATAD2","TRIP13",0.513
"239","ATAD2","AURKA",0.698
"240","ATAD2","RAD51AP1",0.658
"241","ATAD2","CCNB1",0.449
"242","ATAD2","GGH",0.419
"243","ATAD2","KIF11",0.697
"244","ATAD2","MCM4",0.86
"245","ATAD2","MCM2",0.475
"246","ATAD2","CDCA5",0.444
"247","ATAD2","CDCA3",0.422
"248","ATAD2","CKS2",0.422
"249","ATAD2","PCLAF",0.45
"250","ATAD2","CCNB2",0.459
"251","ATAD2","RAD54L",0.474
"252","ATAD2","UBE2T",0.486
"253","ATAD2","MCM7",0.487
"254","ATAD2","DTL",0.509
"255","ATAD2","EXO1",0.51
"256","ATAD2","KIF4A",0.518
"257","ATAD2","BUB1B",0.519
"258","ATAD2","RFC4",0.519
"259","ATAD2","PBK",0.529
"260","ATAD2","UBE2C",0.546
"261","ATAD2","KIF20A",0.547
"262","ATAD2","MCM3",0.56
"263","ATAD2","HMMR",0.562
"264","ATAD2","CHEK1",0.562
"265","ATAD2","UHRF1",0.575
"266","ATAD2","MAD2L1",0.582
"267","ATAD2","MELK",0.583
"268","ATAD2","CENPA",0.585
"269","ATAD2","TTK",0.607
"270","ATAD2","CCNA2",0.616
"271","ATAD2","TYMS",0.618
"272","ATAD2","AURKB",0.621
"273","ATAD2","KIF15",0.626
"274","ATAD2","KIF2C",0.632
"275","ATAD2","CDCA7",0.635
"276","ATAD2","PRC1",0.635
"277","ATAD2","CDCA8",0.643
"278","ATAD2","BUB1",0.651
"279","ATAD2","CENPF",0.671
"280","ATAD2","MYC",0.698
"281","ATAD2","CEP55",0.715
"282","ATAD2","NUSAP1",0.724
"283","ATAD2","TPX2",0.755
"284","ATAD2","TOP2A",0.837
"285","AURKA","TRIP13",0.771
"286","AURKA","CSE1L",0.423
"287","AURKA","DNMT1",0.433
"288","AURKA","CHTF18",0.45
"289","AURKA","CDCA7",0.465
"290","AURKA","RNASEH2A",0.478
"291","AURKA","DTL",0.485
"292","AURKA","RAD54L",0.519
"293","AURKA","STIL",0.53
"294","AURKA","RCC2",0.534
"295","AURKA","TIMELESS",0.553
"296","AURKA","TROAP",0.563
"297","AURKA","SOX4",0.568
"298","AURKA","TK1",0.598
"299","AURKA","MCM7",0.617
"300","AURKA","RAD51AP1",0.631
"301","AURKA","EXO1",0.635
"302","AURKA","UHRF1",0.64
"303","AURKA","CKS1B",0.645
"304","AURKA","UBE2T",0.649
"305","AURKA","CDT1",0.651
"306","AURKA","MCM3",0.654
"307","AURKA","MCM2",0.668
"308","AURKA","RFC4",0.672
"309","AURKA","CDC25B",0.688
"310","AURKA","MCM4",0.696
"311","AURKA","SRPK1",0.697
"312","AURKA","CDK4",0.704
"313","AURKA","KIF15",0.725
"314","AURKA","CDC25A",0.727
"315","AURKA","TYMS",0.729
"316","AURKA","PCLAF",0.735
"317","AURKA","CHEK1",0.754
"318","AURKA","TTK",0.779
"319","AURKA","PBK",0.791
"320","AURKA","CKS2",0.804
"321","AURKA","CDCA3",0.815
"322","AURKA","NUSAP1",0.843
"323","AURKA","CDCA5",0.864
"324","AURKA","CDKN3",0.87
"325","AURKA","KIF4A",0.885
"326","AURKA","CENPF",0.902
"327","AURKA","PRC1",0.91
"328","AURKA","MELK",0.913
"329","AURKA","MYC",0.914
"330","AURKA","PHLDA1",0.918
"331","AURKA","AURKB",0.922
"332","AURKA","BUB1B",0.924
"333","AURKA","MAD2L1",0.929
"334","AURKA","KIF20A",0.936
"335","AURKA","CEP55",0.936
"336","AURKA","CCNA2",0.949
"337","AURKA","CDCA8",0.952
"338","AURKA","CENPA",0.959
"339","AURKA","TOP2A",0.963
"340","AURKA","PTTG1",0.967
"341","AURKA","HMMR",0.97
"342","AURKA","BUB1",0.971
"343","AURKA","KIF11",0.972
"344","AURKA","KIF2C",0.975
"345","AURKA","CCNB1",0.979
"346","AURKA","UBE2C",0.986
"347","AURKA","CCNB2",0.988
"348","AURKA","CDC20",0.995
"349","AURKA","TACC3",0.998
"350","AURKA","TPX2",0.999
"351","AURKB","TRIP13",0.788
"352","AURKB","RNASEH2A",0.506
"353","AURKB","FBL",0.449
"354","AURKB","RAD51AP1",0.52
"355","AURKB","CDC25B",0.65
"356","AURKB","CCNB1",0.962
"357","AURKB","CDK4",0.608
"358","AURKB","TROAP",0.836
"359","AURKB","KIF11",0.964
"360","AURKB","MCM4",0.722
"361","AURKB","CHTF18",0.441
"362","AURKB","MCM2",0.702
"363","AURKB","CDCA5",0.968
"364","AURKB","BUB1B",0.999
"365","AURKB","CCNB2",0.99
"366","AURKB","MAD2L1",0.93
"367","AURKB","MELK",0.902
"368","AURKB","PCLAF",0.785
"369","AURKB","TPX2",0.94
"370","AURKB","CDT1",0.79
"371","AURKB","BUB1",0.997
"372","AURKB","CDC25A",0.746
"373","AURKB","CDCA7",0.635
"374","AURKB","MCM7",0.785
"375","AURKB","CKS1B",0.66
"376","AURKB","PRKDC",0.552
"377","AURKB","IMPDH2",0.403
"378","AURKB","IQGAP3",0.427
"379","AURKB","UBE2T",0.435
"380","AURKB","HSPD1",0.437
"381","AURKB","STIL",0.454
"382","AURKB","LMNB2",0.489
"383","AURKB","TIMELESS",0.533
"384","AURKB","RAD54L",0.564
"385","AURKB","DDX21",0.576
"386","AURKB","UHRF1",0.616
"387","AURKB","DNMT1",0.619
"388","AURKB","MCM3",0.669
"389","AURKB","DTL",0.68
"390","AURKB","RFC4",0.715
"391","AURKB","CDKN3",0.724
"392","AURKB","CKS2",0.738
"393","AURKB","TYMS",0.738
"394","AURKB","TACC3",0.74
"395","AURKB","CHEK1",0.754
"396","AURKB","HMMR",0.76
"397","AURKB","MYC",0.761
"398","AURKB","TK1",0.767
"399","AURKB","TTK",0.784
"400","AURKB","PBK",0.791
"401","AURKB","EXO1",0.797
"402","AURKB","PRC1",0.85
"403","AURKB","KIF15",0.858
"404","AURKB","CEP55",0.864
"405","AURKB","NUSAP1",0.909
"406","AURKB","CENPF",0.925
"407","AURKB","CDCA3",0.933
"408","AURKB","KIF4A",0.942
"409","AURKB","PTTG1",0.949
"410","AURKB","UBE2C",0.955
"411","AURKB","TOP2A",0.97
"412","AURKB","RCC2",0.973
"413","AURKB","KIF20A",0.99
"414","AURKB","CCNA2",0.991
"415","AURKB","KIF2C",0.996
"416","AURKB","CENPA",0.997
"417","AURKB","CDC20",0.998
"418","AURKB","CDCA8",0.999
"419","AXIN2","SOX9",0.639
"420","AXIN2","MMP7",0.537
"421","AXIN2","NKD1",0.927
"422","AXIN2","ITGA2",0.416
"423","AXIN2","NKD2",0.543
"424","AXIN2","EPHB3",0.433
"425","AXIN2","BMP7",0.437
"426","AXIN2","MSX1",0.636
"427","AXIN2","MYC",0.794
"428","AXIN2","RNF43",0.805
"429","AZGP1","C4BPB",0.441
"430","AZGP1","STC2",0.476
"431","AZGP1","UBE2C",0.4
"432","AZGP1","SERPINB5",0.407
"433","AZGP1","CFB",0.441
"434","AZGP1","CST1",0.624
"435","BACE2","HKDC1",0.471
"436","BMP7","SOX9",0.636
"437","BMP7","MMP3",0.408
"438","BMP7","MSX1",0.587
"439","BOP1","EXOSC5",0.404
"440","BOP1","FBL",0.963
"441","BOP1","WDR12",0.999
"442","BOP1","RPL29",0.77
"443","BOP1","RRS1",0.962
"444","BOP1","LYAR",0.635
"445","BOP1","DDX21",0.838
"446","BOP1","DKC1",0.955
"447","BOP1","PUS1",0.677
"448","BOP1","WDR4",0.796
"449","BOP1","MYC",0.44
"450","BOP1","RPS7",0.65
"451","BOP1","POLR1C",0.691
"452","BUB1","TRIP13",0.725
"453","BUB1","RAD51AP1",0.724
"454","BUB1","CDC25B",0.475
"455","BUB1","CCNB1",0.992
"456","BUB1","CDK4",0.685
"457","BUB1","TROAP",0.729
"458","BUB1","KIF11",0.985
"459","BUB1","MCM4",0.751
"460","BUB1","CHTF18",0.516
"461","BUB1","CSE1L",0.477
"462","BUB1","POLQ",0.409
"463","BUB1","MCM2",0.542
"464","BUB1","CDCA5",0.933
"465","BUB1","BUB1B",0.999
"466","BUB1","CCNB2",0.998
"467","BUB1","MAD2L1",0.999
"468","BUB1","MELK",0.984
"469","BUB1","PCLAF",0.831
"470","BUB1","TPX2",0.958
"471","BUB1","CDT1",0.614
"472","BUB1","PAICS",0.41
"473","BUB1","TIMELESS",0.54
"474","BUB1","IQGAP3",0.55
"475","BUB1","STIL",0.557
"476","BUB1","LMNB2",0.563
"477","BUB1","RCC2",0.572
"478","BUB1","MYC",0.608
"479","BUB1","CDC25A",0.617
"480","BUB1","CDCA7",0.649
"481","BUB1","UHRF1",0.658
"482","BUB1","MCM3",0.7
"483","BUB1","TK1",0.707
"484","BUB1","CKS1B",0.717
"485","BUB1","RAD54L",0.728
"486","BUB1","UBE2T",0.73
"487","BUB1","PRC1",0.757
"488","BUB1","MCM7",0.796
"489","BUB1","CKS2",0.805
"490","BUB1","DTL",0.811
"491","BUB1","TACC3",0.811
"492","BUB1","RFC4",0.842
"493","BUB1","CDKN3",0.846
"494","BUB1","TYMS",0.846
"495","BUB1","CDCA3",0.87
"496","BUB1","HMMR",0.909
"497","BUB1","KIF15",0.923
"498","BUB1","CEP55",0.928
"499","BUB1","EXO1",0.929
"500","BUB1","PBK",0.935
"501","BUB1","NUSAP1",0.937
"502","BUB1","CHEK1",0.946
"503","BUB1","KIF4A",0.952
"504","BUB1","UBE2C",0.954
"505","BUB1","PTTG1",0.955
"506","BUB1","KIF20A",0.959
"507","BUB1","CENPA",0.969
"508","BUB1","CDCA8",0.971
"509","BUB1","CCNA2",0.981
"510","BUB1","TOP2A",0.982
"511","BUB1","CENPF",0.987
"512","BUB1","KIF2C",0.994
"513","BUB1","TTK",0.999
"514","BUB1","CDC20",0.999
"515","BUB1B","TRIP13",0.928
"516","BUB1B","RNASEH2A",0.453
"517","BUB1B","RAD51AP1",0.747
"518","BUB1B","CDC25B",0.49
"519","BUB1B","CCNB1",0.998
"520","BUB1B","CDK4",0.562
"521","BUB1B","TROAP",0.753
"522","BUB1B","KIF11",0.994
"523","BUB1B","MCM4",0.695
"524","BUB1B","CHTF18",0.518
"525","BUB1B","CSE1L",0.467
"526","BUB1B","POLQ",0.508
"527","BUB1B","MCM2",0.57
"528","BUB1B","SNRPF",0.482
"529","BUB1B","CDCA5",0.851
"530","BUB1B","MYC",0.434
"531","BUB1B","TIMELESS",0.486
"532","BUB1B","CDCA7",0.491
"533","BUB1B","UBE2T",0.59
"534","BUB1B","IQGAP3",0.628
"535","BUB1B","STIL",0.635
"536","BUB1B","CDT1",0.641
"537","BUB1B","RCC2",0.644
"538","BUB1B","CDC25A",0.646
"539","BUB1B","TK1",0.652
"540","BUB1B","MCM3",0.654
"541","BUB1B","UHRF1",0.677
"542","BUB1B","CKS2",0.679
"543","BUB1B","CKS1B",0.692
"544","BUB1B","TYMS",0.72
"545","BUB1B","RAD54L",0.745
"546","BUB1B","RFC4",0.748
"547","BUB1B","MCM7",0.792
"548","BUB1B","EXO1",0.807
"549","BUB1B","DTL",0.811
"550","BUB1B","PCLAF",0.875
"551","BUB1B","CHEK1",0.876
"552","BUB1B","HMMR",0.882
"553","BUB1B","CDCA3",0.886
"554","BUB1B","PRC1",0.893
"555","BUB1B","CDKN3",0.897
"556","BUB1B","KIF15",0.923
"557","BUB1B","TPX2",0.936
"558","BUB1B","PBK",0.937
"559","BUB1B","CEP55",0.939
"560","BUB1B","TACC3",0.946
"561","BUB1B","NUSAP1",0.953
"562","BUB1B","MELK",0.953
"563","BUB1B","KIF4A",0.968
"564","BUB1B","KIF20A",0.977
"565","BUB1B","PTTG1",0.978
"566","BUB1B","TOP2A",0.98
"567","BUB1B","CENPA",0.985
"568","BUB1B","KIF2C",0.991
"569","BUB1B","TTK",0.991
"570","BUB1B","UBE2C",0.991
"571","BUB1B","CCNB2",0.993
"572","BUB1B","CCNA2",0.994
"573","BUB1B","CDCA8",0.994
"574","BUB1B","CDC20",0.999
"575","BUB1B","CENPF",0.999
"576","BUB1B","MAD2L1",0.999
"577","C4BPB","CD55",0.428
"578","CA9","MMP10",0.517
"579","CA9","MET",0.441
"580","CA9","RRS1",0.474
"581","CA9","DPEP1",0.401
"582","CA9","MYC",0.411
"583","CA9","MSLN",0.446
"584","CA9","SLC2A1",0.849
"585","CCL20","GZMB",0.503
"586","CCL20","CXCL6",0.836
"587","CCL20","GDF15",0.544
"588","CCL20","IER3",0.406
"589","CCL20","NMU",0.461
"590","CCL20","IL11",0.447
"591","CCL20","CXCL5",0.999
"592","CCL20","MMP3",0.678
"593","CCL20","CXCL10",0.936
"594","CCL20","MMP1",0.678
"595","CCL20","MMP12",0.442
"596","CCL20","IL24",0.484
"597","CCL20","CCL8",0.779
"598","CCL20","CXCL9",0.866
"599","CCL20","CXCL2",0.951
"600","CCL20","CXCL1",0.981
"601","CCL8","GZMB",0.402
"602","CCL8","CXCL6",0.997
"603","CCL8","CXCL5",0.67
"604","CCL8","CXCL10",0.999
"605","CCL8","CXCL9",0.846
"606","CCL8","CXCL1",0.689
"607","CCL8","CXCL2",0.998
"608","CCNA2","TRIP13",0.778
"609","CCNA2","RNASEH2A",0.566
"610","CCNA2","RAD51AP1",0.734
"611","CCNA2","CDC25B",0.982
"612","CCNA2","CCNB1",0.995
"613","CCNA2","CDK4",0.999
"614","CCNA2","TROAP",0.661
"615","CCNA2","KIF11",0.978
"616","CCNA2","MCM4",0.895
"617","CCNA2","POLQ",0.416
"618","CCNA2","MCM2",0.827
"619","CCNA2","CDCA5",0.863
"620","CCNA2","CCNB2",0.965
"621","CCNA2","MAD2L1",0.988
"622","CCNA2","MELK",0.939
"623","CCNA2","PCLAF",0.886
"624","CCNA2","TPX2",0.954
"625","CCNA2","CDT1",0.989
"626","CCNA2","CDC25A",0.934
"627","CCNA2","CDCA7",0.509
"628","CCNA2","MCM7",0.947
"629","CCNA2","CKS1B",0.999
"630","CCNA2","PRKDC",0.619
"631","CCNA2","TYMS",0.865
"632","CCNA2","KIF15",0.873
"633","CCNA2","TACC3",0.747
"634","CCNA2","LMNB2",0.528
"635","CCNA2","CDKN3",0.947
"636","CCNA2","CENPA",0.99
"637","CCNA2","UBE2C",0.994
"638","CCNA2","DNMT1",0.511
"639","CCNA2","IQGAP3",0.464
"640","CCNA2","EXO1",0.879
"641","CCNA2","CENPF",0.944
"642","CCNA2","DTL",0.907
"643","CCNA2","DKC1",0.614
"644","CCNA2","TTK",0.939
"645","CCNA2","CEP55",0.923
"646","CCNA2","STIL",0.558
"647","CCNA2","RAD54L",0.589
"648","CCNA2","KIF2C",0.949
"649","CCNA2","CDC20",0.999
"650","CCNA2","DNTTIP1",0.581
"651","CCNA2","CDCA8",0.952
"652","CCNA2","KIF4A",0.895
"653","CCNA2","TFDP1",0.862
"654","CCNA2","CKS2",0.99
"655","CCNA2","RFC4",0.76
"656","CCNA2","HMMR",0.921
"657","CCNA2","PTTG1",0.934
"658","CCNA2","PRC1",0.91
"659","CCNA2","KIF20A",0.974
"660","CCNA2","CHEK1",0.939
"661","CCNA2","E2F5",0.775
"662","CCNA2","TOP2A",0.982
"663","CCNA2","PBK",0.943
"664","CCNA2","CDCA3",0.94
"665","CCNA2","TIMELESS",0.41
"666","CCNA2","TK1",0.78
"667","CCNA2","MYC",0.734
"668","CCNA2","UHRF1",0.742
"669","CCNA2","MCM3",0.869
"670","CCNA2","UBE2T",0.637
"671","CCNA2","NUSAP1",0.922
"672","CCNB1","TRIP13",0.797
"673","CCNB1","RNASEH2A",0.461
"674","CCNB1","RAD51AP1",0.618
"675","CCNB1","CDC25B",0.951
"676","CCNB1","MET",0.402
"677","CCNB1","E2F5",0.41
"678","CCNB1","TFDP1",0.429
"679","CCNB1","CXCL1",0.477
"680","CCNB1","LMNB2",0.509
"681","CCNB1","STIL",0.527
"682","CCNB1","CDCA7",0.54
"683","CCNB1","RCC2",0.548
"684","CCNB1","RAD54L",0.556
"685","CCNB1","UHRF1",0.567
"686","CCNB1","PRKDC",0.603
"687","CCNB1","MCM2",0.608
"688","CCNB1","DNMT1",0.608
"689","CCNB1","TROAP",0.626
"690","CCNB1","DTL",0.643
"691","CCNB1","RFC4",0.651
"692","CCNB1","MCM7",0.667
"693","CCNB1","TACC3",0.703
"694","CCNB1","EXO1",0.773
"695","CCNB1","MCM3",0.776
"696","CCNB1","PCLAF",0.796
"697","CCNB1","CDT1",0.798
"698","CCNB1","TYMS",0.841
"699","CCNB1","UBE2T",0.851
"700","CCNB1","CDCA5",0.869
"701","CCNB1","MCM4",0.869
"702","CCNB1","MYC",0.872
"703","CCNB1","TK1",0.879
"704","CCNB1","KIF15",0.916
"705","CCNB1","NUSAP1",0.923
"706","CCNB1","KIF4A",0.931
"707","CCNB1","PRC1",0.932
"708","CCNB1","CHEK1",0.935
"709","CCNB1","TTK",0.936
"710","CCNB1","CDCA3",0.936
"711","CCNB1","CDK4",0.94
"712","CCNB1","CEP55",0.94
"713","CCNB1","CDKN3",0.941
"714","CCNB1","HMMR",0.942
"715","CCNB1","TPX2",0.949
"716","CCNB1","CENPA",0.953
"717","CCNB1","KIF20A",0.954
"718","CCNB1","PBK",0.962
"719","CCNB1","KIF2C",0.966
"720","CCNB1","KIF11",0.966
"721","CCNB1","MELK",0.972
"722","CCNB1","PTTG1",0.984
"723","CCNB1","CDCA8",0.987
"724","CCNB1","CENPF",0.988
"725","CCNB1","MAD2L1",0.988
"726","CCNB1","TOP2A",0.989
"727","CCNB1","UBE2C",0.99
"728","CCNB1","CDC25A",0.995
"729","CCNB1","CCNB2",0.998
"730","CCNB1","CKS1B",0.998
"731","CCNB1","CKS2",0.999
"732","CCNB1","CDC20",0.999
"733","CCNB2","TRIP13",0.741
"734","CCNB2","RNASEH2A",0.44
"735","CCNB2","RAD51AP1",0.734
"736","CCNB2","CDC25B",0.847
"737","CCNB2","CDK4",0.782
"738","CCNB2","TROAP",0.674
"739","CCNB2","KIF11",0.944
"740","CCNB2","MCM4",0.866
"741","CCNB2","MCM2",0.873
"742","CCNB2","CDCA5",0.969
"743","CCNB2","TIMELESS",0.413
"744","CCNB2","TFDP1",0.417
"745","CCNB2","IQGAP3",0.42
"746","CCNB2","MYC",0.438
"747","CCNB2","STIL",0.464
"748","CCNB2","HMGB2",0.469
"749","CCNB2","UHRF1",0.522
"750","CCNB2","RCC2",0.548
"751","CCNB2","DTL",0.562
"752","CCNB2","CDCA7",0.609
"753","CCNB2","RAD54L",0.613
"754","CCNB2","UBE2T",0.662
"755","CCNB2","MCM3",0.668
"756","CCNB2","TACC3",0.67
"757","CCNB2","EXO1",0.744
"758","CCNB2","MCM7",0.752
"759","CCNB2","RFC4",0.785
"760","CCNB2","CDT1",0.822
"761","CCNB2","KIF15",0.828
"762","CCNB2","CHEK1",0.833
"763","CCNB2","KIF4A",0.864
"764","CCNB2","TYMS",0.868
"765","CCNB2","TK1",0.88
"766","CCNB2","PBK",0.88
"767","CCNB2","PCLAF",0.882
"768","CCNB2","HMMR",0.888
"769","CCNB2","CDKN3",0.893
"770","CCNB2","CEP55",0.907
"771","CCNB2","CDCA3",0.913
"772","CCNB2","PRC1",0.925
"773","CCNB2","KIF20A",0.938
"774","CCNB2","CKS1B",0.952
"775","CCNB2","TPX2",0.953
"776","CCNB2","TTK",0.96
"777","CCNB2","MAD2L1",0.962
"778","CCNB2","NUSAP1",0.962
"779","CCNB2","UBE2C",0.968
"780","CCNB2","PTTG1",0.97
"781","CCNB2","KIF2C",0.971
"782","CCNB2","CDC25A",0.973
"783","CCNB2","CDCA8",0.974
"784","CCNB2","CENPF",0.974
"785","CCNB2","MELK",0.975
"786","CCNB2","CENPA",0.975
"787","CCNB2","TOP2A",0.975
"788","CCNB2","CKS2",0.976
"789","CCNB2","CDC20",0.999
"790","CCT2","FBL",0.53
"791","CCT2","HSPE1",0.894
"792","CCT2","TRAP1",0.47
"793","CCT2","CDK4",0.551
"794","CCT2","WDR12",0.526
"795","CCT2","SNRPF",0.454
"796","CCT2","RANBP1",0.426
"797","CCT2","RPS21",0.439
"798","CCT2","POLR1C",0.446
"799","CCT2","RPS7",0.482
"800","CCT2","TOP2A",0.482
"801","CCT2","PPA1",0.493
"802","CCT2","GNG4",0.507
"803","CCT2","IMPDH2",0.542
"804","CCT2","PAICS",0.585
"805","CCT2","HSPH1",0.617
"806","CCT2","HSPD1",0.668
"807","CCT2","CDC20",0.996
"808","CD209","CXCL10",0.519
"809","CD209","CD46",0.489
"810","CD209","CXCL9",0.434
"811","CD209","CEL",0.588
"812","CD46","ITGA2",0.439
"813","CD46","CFB",0.724
"814","CD46","CD55",0.834
"815","CD55","CFB",0.801
"816","CDC20","TRIP13",0.996
"817","CDC20","RNASEH2A",0.492
"818","CDC20","RAD51AP1",0.737
"819","CDC20","CDC25B",0.786
"820","CDC20","CDK4",0.785
"821","CDC20","TROAP",0.827
"822","CDC20","KIF11",0.987
"823","CDC20","MCM4",0.882
"824","CDC20","CHTF18",0.408
"825","CDC20","MCM2",0.733
"826","CDC20","SNRPF",0.516
"827","CDC20","CDCA5",0.938
"828","CDC20","MAD2L1",0.999
"829","CDC20","MELK",0.964
"830","CDC20","PCLAF",0.881
"831","CDC20","TPX2",0.961
"832","CDC20","CDT1",0.921
"833","CDC20","CDC25A",0.839
"834","CDC20","CDCA7",0.58
"835","CDC20","MCM7",0.821
"836","CDC20","CKS1B",0.971
"837","CDC20","TYMS",0.757
"838","CDC20","KIF15",0.836
"839","CDC20","TACC3",0.842
"840","CDC20","LMNB2",0.474
"841","CDC20","CDKN3",0.885
"842","CDC20","CENPA",0.986
"843","CDC20","UBE2C",0.999
"844","CDC20","IQGAP3",0.617
"845","CDC20","EXO1",0.796
"846","CDC20","CENPF",0.99
"847","CDC20","DTL",0.678
"848","CDC20","TTK",0.99
"849","CDC20","CEP55",0.95
"850","CDC20","STIL",0.574
"851","CDC20","RAD54L",0.685
"852","CDC20","KIF2C",0.995
"853","CDC20","PAICS",0.562
"854","CDC20","MYC",0.581
"855","CDC20","TFDP1",0.599
"856","CDC20","UBE2T",0.679
"857","CDC20","UHRF1",0.685
"858","CDC20","RFC4",0.756
"859","CDC20","CHEK1",0.771
"860","CDC20","MCM3",0.845
"861","CDC20","RCC2",0.866
"862","CDC20","HMMR",0.882
"863","CDC20","TK1",0.883
"864","CDC20","KIF4A",0.941
"865","CDC20","NUSAP1",0.946
"866","CDC20","PRC1",0.947
"867","CDC20","PBK",0.959
"868","CDC20","CKS2",0.971
"869","CDC20","TOP2A",0.98
"870","CDC20","CDCA3",0.981
"871","CDC20","KIF20A",0.981
"872","CDC20","CDCA8",0.992
"873","CDC20","PTTG1",0.999
"874","CDC25A","TRIP13",0.503
"875","CDC25A","RAD51AP1",0.44
"876","CDC25A","ODC1",0.446
"877","CDC25A","CDC25B",0.938
"878","CDC25A","CDK4",0.979
"879","CDC25A","KIF11",0.58
"880","CDC25A","MCM4",0.715
"881","CDC25A","MCM2",0.548
"882","CDC25A","CDCA5",0.588
"883","CDC25A","MAD2L1",0.585
"884","CDC25A","MELK",0.567
"885","CDC25A","TPX2",0.505
"886","CDC25A","CDT1",0.748
"887","CDC25A","TK1",0.405
"888","CDC25A","NUSAP1",0.415
"889","CDC25A","CDCA3",0.453
"890","CDC25A","UHRF1",0.473
"891","CDC25A","TYMS",0.479
"892","CDC25A","KIF20A",0.484
"893","CDC25A","TRIB3",0.486
"894","CDC25A","UBE2C",0.486
"895","CDC25A","PRKDC",0.494
"896","CDC25A","LMNB2",0.497
"897","CDC25A","KIF4A",0.506
"898","CDC25A","CEP55",0.513
"899","CDC25A","CENPF",0.514
"900","CDC25A","KIF15",0.517
"901","CDC25A","PRC1",0.519
"902","CDC25A","CKS2",0.521
"903","CDC25A","CENPA",0.524
"904","CDC25A","TTK",0.529
"905","CDC25A","PTTG1",0.53
"906","CDC25A","CKS1B",0.537
"907","CDC25A","PBK",0.537
"908","CDC25A","MCM3",0.553
"909","CDC25A","KIF2C",0.562
"910","CDC25A","CDCA8",0.566
"911","CDC25A","CDKN3",0.567
"912","CDC25A","TOP2A",0.577
"913","CDC25A","HMMR",0.589
"914","CDC25A","MCM7",0.631
"915","CDC25A","RFC4",0.663
"916","CDC25A","RAD54L",0.692
"917","CDC25A","E2F5",0.698
"918","CDC25A","EXO1",0.705
"919","CDC25A","DTL",0.755
"920","CDC25A","TFDP1",0.778
"921","CDC25A","MYC",0.95
"922","CDC25A","CHEK1",0.999
"923","CDC25B","MCM3",0.426
"924","CDC25B","PTTG1",0.438
"925","CDC25B","TOP2A",0.445
"926","CDC25B","KIF11",0.445
"927","CDC25B","MAD2L1",0.453
"928","CDC25B","CKS2",0.453
"929","CDC25B","CKS1B",0.491
"930","CDC25B","MCM7",0.506
"931","CDC25B","CDCA8",0.512
"932","CDC25B","CENPA",0.517
"933","CDC25B","CDT1",0.567
"934","CDC25B","MYC",0.621
"935","CDC25B","CENPF",0.73
"936","CDC25B","MELK",0.764
"937","CDC25B","CDK4",0.77
"938","CDC25B","CHEK1",0.984
"939","CDCA3","TRIP13",0.774
"940","CDCA3","RAD51AP1",0.504
"941","CDCA3","CDK4",0.401
"942","CDCA3","TROAP",0.857
"943","CDCA3","KIF11",0.922
"944","CDCA3","MCM4",0.669
"945","CDCA3","MCM2",0.443
"946","CDCA3","CDCA5",0.894
"947","CDCA3","MAD2L1",0.722
"948","CDCA3","MELK",0.872
"949","CDCA3","PCLAF",0.811
"950","CDCA3","TPX2",0.881
"951","CDCA3","CDT1",0.608
"952","CDCA3","CDCA7",0.619
"953","CDCA3","CKS1B",0.514
"954","CDCA3","TYMS",0.533
"955","CDCA3","KIF15",0.788
"956","CDCA3","TACC3",0.773
"957","CDCA3","CDKN3",0.859
"958","CDCA3","CENPA",0.89
"959","CDCA3","UBE2C",0.962
"960","CDCA3","EXO1",0.671
"961","CDCA3","CENPF",0.781
"962","CDCA3","DTL",0.44
"963","CDCA3","TTK",0.858
"964","CDCA3","CEP55",0.876
"965","CDCA3","STIL",0.526
"966","CDCA3","RAD54L",0.698
"967","CDCA3","KIF2C",0.93
"968","CDCA3","CDCA8",0.975
"969","CDCA3","KIF4A",0.927
"970","CDCA3","CKS2",0.548
"971","CDCA3","HMMR",0.861
"972","CDCA3","PTTG1",0.838
"973","CDCA3","PRC1",0.735
"974","CDCA3","KIF20A",0.93
"975","CDCA3","CHEK1",0.671
"976","CDCA3","TOP2A",0.876
"977","CDCA3","PBK",0.946
"978","CDCA3","UHRF1",0.575
"979","CDCA3","UBE2T",0.581
"980","CDCA3","TK1",0.606
"981","CDCA3","MCM3",0.607
"982","CDCA3","NUSAP1",0.905
"983","CDCA5","TRIP13",0.876
"984","CDCA5","RNASEH2A",0.468
"985","CDCA5","RAD51AP1",0.724
"986","CDCA5","TROAP",0.633
"987","CDCA5","KIF11",0.844
"988","CDCA5","MCM4",0.661
"989","CDCA5","CHTF18",0.517
"990","CDCA5","POLQ",0.412
"991","CDCA5","MCM2",0.643
"992","CDCA5","STIL",0.404
"993","CDCA5","MCM7",0.494
"994","CDCA5","CKS1B",0.509
"995","CDCA5","RFC4",0.524
"996","CDCA5","TIMELESS",0.551
"997","CDCA5","MCM3",0.568
"998","CDCA5","CKS2",0.58
"999","CDCA5","RAD54L",0.622
"1000","CDCA5","CDKN3",0.634
"1001","CDCA5","PCLAF",0.647
"1002","CDCA5","KIF15",0.654
"1003","CDCA5","EXO1",0.663
"1004","CDCA5","TK1",0.671
"1005","CDCA5","DTL",0.676
"1006","CDCA5","MAD2L1",0.685
"1007","CDCA5","CDCA7",0.691
"1008","CDCA5","TYMS",0.73
"1009","CDCA5","TTK",0.734
"1010","CDCA5","PBK",0.736
"1011","CDCA5","UHRF1",0.762
"1012","CDCA5","CHEK1",0.767
"1013","CDCA5","UBE2T",0.823
"1014","CDCA5","PTTG1",0.829
"1015","CDCA5","PRC1",0.829
"1016","CDCA5","HMMR",0.831
"1017","CDCA5","NUSAP1",0.832
"1018","CDCA5","UBE2C",0.835
"1019","CDCA5","CDT1",0.842
"1020","CDCA5","CENPA",0.856
"1021","CDCA5","CENPF",0.857
"1022","CDCA5","CEP55",0.873
"1023","CDCA5","MELK",0.875
"1024","CDCA5","KIF20A",0.88
"1025","CDCA5","TPX2",0.883
"1026","CDCA5","KIF4A",0.887
"1027","CDCA5","KIF2C",0.893
"1028","CDCA5","TOP2A",0.917
"1029","CDCA5","CDCA8",0.961
"1030","CDCA7","TRIP13",0.486
"1031","CDCA7","RAD51AP1",0.549
"1032","CDCA7","KIF11",0.529
"1033","CDCA7","MCM4",0.583
"1034","CDCA7","MCM2",0.454
"1035","CDCA7","MAD2L1",0.511
"1036","CDCA7","MELK",0.525
"1037","CDCA7","PCLAF",0.48
"1038","CDCA7","TPX2",0.503
"1039","CDCA7","CDT1",0.417
"1040","CDCA7","TACC3",0.4
"1041","CDCA7","MCM7",0.416
"1042","CDCA7","RFC4",0.418
"1043","CDCA7","CHEK1",0.421
"1044","CDCA7","CKS2",0.426
"1045","CDCA7","RAD54L",0.429
"1046","CDCA7","PBK",0.449
"1047","CDCA7","MCM3",0.481
"1048","CDCA7","DTL",0.484
"1049","CDCA7","TYMS",0.485
"1050","CDCA7","EXO1",0.492
"1051","CDCA7","KIF15",0.495
"1052","CDCA7","CENPF",0.502
"1053","CDCA7","TTK",0.504
"1054","CDCA7","HMMR",0.519
"1055","CDCA7","UBE2T",0.527
"1056","CDCA7","KIF2C",0.533
"1057","CDCA7","CENPA",0.547
"1058","CDCA7","NUSAP1",0.553
"1059","CDCA7","MYC",0.586
"1060","CDCA7","UBE2C",0.594
"1061","CDCA7","TOP2A",0.609
"1062","CDCA7","KIF4A",0.619
"1063","CDCA7","KIF20A",0.624
"1064","CDCA7","UHRF1",0.629
"1065","CDCA7","CDCA8",0.67
"1066","CDCA8","TRIP13",0.736
"1067","CDCA8","RNASEH2A",0.411
"1068","CDCA8","RAD51AP1",0.617
"1069","CDCA8","CDK4",0.606
"1070","CDCA8","TROAP",0.794
"1071","CDCA8","KIF11",0.964
"1072","CDCA8","MCM4",0.694
"1073","CDCA8","MCM2",0.593
"1074","CDCA8","MAD2L1",0.935
"1075","CDCA8","MELK",0.902
"1076","CDCA8","PCLAF",0.839
"1077","CDCA8","TPX2",0.919
"1078","CDCA8","CDT1",0.834
"1079","CDCA8","MCM7",0.658
"1080","CDCA8","CKS1B",0.592
"1081","CDCA8","TYMS",0.679
"1082","CDCA8","KIF15",0.902
"1083","CDCA8","TACC3",0.904
"1084","CDCA8","CDKN3",0.72
"1085","CDCA8","CENPA",0.971
"1086","CDCA8","HSPD1",0.459
"1087","CDCA8","UBE2C",0.966
"1088","CDCA8","IQGAP3",0.633
"1089","CDCA8","EXO1",0.658
"1090","CDCA8","CENPF",0.962
"1091","CDCA8","DTL",0.549
"1092","CDCA8","TTK",0.946
"1093","CDCA8","CEP55",0.923
"1094","CDCA8","STIL",0.463
"1095","CDCA8","RAD54L",0.761
"1096","CDCA8","KIF2C",0.977
"1097","CDCA8","VSNL1",0.43
"1098","CDCA8","RFC4",0.479
"1099","CDCA8","POLR1C",0.485
"1100","CDCA8","RPS15",0.529
"1101","CDCA8","CHEK1",0.626
"1102","CDCA8","UBE2T",0.687
"1103","CDCA8","CKS2",0.687
"1104","CDCA8","TK1",0.704
"1105","CDCA8","MCM3",0.715
"1106","CDCA8","UHRF1",0.743
"1107","CDCA8","HMMR",0.864
"1108","CDCA8","PTTG1",0.893
"1109","CDCA8","PRC1",0.894
"1110","CDCA8","PBK",0.912
"1111","CDCA8","TOP2A",0.92
"1112","CDCA8","KIF4A",0.932
"1113","CDCA8","RCC2",0.933
"1114","CDCA8","NUSAP1",0.949
"1115","CDCA8","KIF20A",0.98
"1116","CDH3","CLDN2",0.425
"1117","CDH3","KIF20A",0.469
"1118","CDH3","CLDN1",0.516
"1119","CDH3","SERPINB5",0.527
"1120","CDK4","RNASEH2A",0.443
"1121","CDK4","TRAP1",0.406
"1122","CDK4","PAICS",0.403
"1123","CDK4","SHMT2",0.404
"1124","CDK4","PAQR4",0.417
"1125","CDK4","PRC1",0.42
"1126","CDK4","MELK",0.424
"1127","CDK4","MET",0.427
"1128","CDK4","TACC3",0.433
"1129","CDK4","RFC4",0.442
"1130","CDK4","TTK",0.456
"1131","CDK4","TK1",0.484
"1132","CDK4","EXO1",0.485
"1133","CDK4","UBE2C",0.504
"1134","CDK4","PRKDC",0.509
"1135","CDK4","PBK",0.517
"1136","CDK4","TYMS",0.56
"1137","CDK4","PTTG1",0.57
"1138","CDK4","KIF11",0.588
"1139","CDK4","MCM4",0.62
"1140","CDK4","MAD2L1",0.637
"1141","CDK4","CKS2",0.682
"1142","CDK4","CHEK1",0.688
"1143","CDK4","CDT1",0.707
"1144","CDK4","MCM3",0.709
"1145","CDK4","TFDP1",0.721
"1146","CDK4","DNMT1",0.738
"1147","CDK4","E2F5",0.756
"1148","CDK4","TOP2A",0.773
"1149","CDK4","CDKN3",0.835
"1150","CDK4","MCM2",0.855
"1151","CDK4","CKS1B",0.865
"1152","CDK4","MCM7",0.878
"1153","CDK4","MYC",0.966
"1154","CDKN3","TRIP13",0.57
"1155","CDKN3","RAD51AP1",0.586
"1156","CDKN3","TROAP",0.47
"1157","CDKN3","KIF11",0.848
"1158","CDKN3","MCM4",0.436
"1159","CDKN3","MAD2L1",0.87
"1160","CDKN3","MELK",0.842
"1161","CDKN3","PCLAF",0.635
"1162","CDKN3","TPX2",0.818
"1163","CDKN3","CDT1",0.543
"1164","CDKN3","CKS1B",0.638
"1165","CDKN3","TYMS",0.597
"1166","CDKN3","KIF15",0.727
"1167","CDKN3","UHRF1",0.403
"1168","CDKN3","RFC4",0.441
"1169","CDKN3","DNMT1",0.442
"1170","CDKN3","EXO1",0.445
"1171","CDKN3","DTL",0.573
"1172","CDKN3","TK1",0.574
"1173","CDKN3","MYC",0.598
"1174","CDKN3","CHEK1",0.704
"1175","CDKN3","CKS2",0.725
"1176","CDKN3","CENPF",0.725
"1177","CDKN3","KIF2C",0.791
"1178","CDKN3","UBE2T",0.796
"1179","CDKN3","KIF4A",0.803
"1180","CDKN3","CEP55",0.822
"1181","CDKN3","CENPA",0.824
"1182","CDKN3","NUSAP1",0.831
"1183","CDKN3","HMMR",0.833
"1184","CDKN3","KIF20A",0.835
"1185","CDKN3","PTTG1",0.84
"1186","CDKN3","UBE2C",0.847
"1187","CDKN3","TTK",0.849
"1188","CDKN3","PBK",0.861
"1189","CDKN3","TOP2A",0.863
"1190","CDKN3","PRC1",0.883
"1191","CDT1","TRIP13",0.606
"1192","CDT1","RNASEH2A",0.776
"1193","CDT1","RAD51AP1",0.604
"1194","CDT1","TROAP",0.472
"1195","CDT1","KIF11",0.795
"1196","CDT1","MCM4",0.999
"1197","CDT1","CHTF18",0.724
"1198","CDT1","POLQ",0.464
"1199","CDT1","MCM2",0.999
"1200","CDT1","MAD2L1",0.691
"1201","CDT1","MELK",0.537
"1202","CDT1","PCLAF",0.5
"1203","CDT1","TPX2",0.715
"1204","CDT1","UBE2T",0.401
"1205","CDT1","PRC1",0.463
"1206","CDT1","HMMR",0.477
"1207","CDT1","KIF4A",0.481
"1208","CDT1","CEP55",0.487
"1209","CDT1","KIF15",0.494
"1210","CDT1","TTK",0.501
"1211","CDT1","MYC",0.513
"1212","CDT1","UHRF1",0.548
"1213","CDT1","LMNB2",0.565
"1214","CDT1","CENPF",0.584
"1215","CDT1","TK1",0.588
"1216","CDT1","KIF20A",0.591
"1217","CDT1","PTTG1",0.596
"1218","CDT1","RAD54L",0.609
"1219","CDT1","PBK",0.611
"1220","CDT1","CENPA",0.632
"1221","CDT1","TYMS",0.649
"1222","CDT1","KIF2C",0.659
"1223","CDT1","TFDP1",0.697
"1224","CDT1","RFC4",0.706
"1225","CDT1","NUSAP1",0.73
"1226","CDT1","TIMELESS",0.753
"1227","CDT1","UBE2C",0.757
"1228","CDT1","CKS2",0.864
"1229","CDT1","TOP2A",0.868
"1230","CDT1","EXO1",0.87
"1231","CDT1","CKS1B",0.873
"1232","CDT1","CHEK1",0.934
"1233","CDT1","DTL",0.998
"1234","CDT1","MCM7",0.999
"1235","CDT1","MCM3",0.999
"1236","CEL","DHCR7",0.913
"1237","CENPA","TRIP13",0.661
"1238","CENPA","FBL",0.636
"1239","CENPA","RAD51AP1",0.554
"1240","CENPA","TROAP",0.656
"1241","CENPA","KIF11",0.942
"1242","CENPA","MCM4",0.743
"1243","CENPA","MCM2",0.628
"1244","CENPA","MAD2L1",0.865
"1245","CENPA","MELK",0.882
"1246","CENPA","PCLAF",0.77
"1247","CENPA","TPX2",0.882
"1248","CENPA","MCM7",0.464
"1249","CENPA","CKS1B",0.541
"1250","CENPA","PRKDC",0.46
"1251","CENPA","TYMS",0.55
"1252","CENPA","KIF15",0.865
"1253","CENPA","TACC3",0.672
"1254","CENPA","LMNB2",0.628
"1255","CENPA","STIL",0.419
"1256","CENPA","MCM3",0.447
"1257","CENPA","DTL",0.465
"1258","CENPA","UBE2T",0.484
"1259","CENPA","DNMT1",0.492
"1260","CENPA","UHRF1",0.511
"1261","CENPA","MYC",0.527
"1262","CENPA","TK1",0.534
"1263","CENPA","RAD54L",0.551
"1264","CENPA","RCC2",0.574
"1265","CENPA","CKS2",0.605
"1266","CENPA","RFC4",0.652
"1267","CENPA","EXO1",0.75
"1268","CENPA","PTTG1",0.761
"1269","CENPA","PRC1",0.772
"1270","CENPA","CHEK1",0.797
"1271","CENPA","HMMR",0.87
"1272","CENPA","NUSAP1",0.874
"1273","CENPA","TTK",0.905
"1274","CENPA","KIF4A",0.906
"1275","CENPA","KIF20A",0.913
"1276","CENPA","TOP2A",0.919
"1277","CENPA","CEP55",0.92
"1278","CENPA","PBK",0.925
"1279","CENPA","UBE2C",0.938
"1280","CENPA","CENPF",0.965
"1281","CENPA","KIF2C",0.986
"1282","CENPF","TRIP13",0.746
"1283","CENPF","RAD51AP1",0.602
"1284","CENPF","TROAP",0.764
"1285","CENPF","KIF11",0.972
"1286","CENPF","MCM4",0.579
"1287","CENPF","POLQ",0.546
"1288","CENPF","MCM2",0.471
"1289","CENPF","MAD2L1",0.915
"1290","CENPF","MELK",0.919
"1291","CENPF","PCLAF",0.898
"1292","CENPF","TPX2",0.954
"1293","CENPF","MCM7",0.405
"1294","CENPF","CKS1B",0.591
"1295","CENPF","TYMS",0.684
"1296","CENPF","KIF15",0.959
"1297","CENPF","TACC3",0.705
"1298","CENPF","UBE2C",0.94
"1299","CENPF","IQGAP3",0.648
"1300","CENPF","EXO1",0.9
"1301","CENPF","TIMELESS",0.421
"1302","CENPF","UHRF1",0.578
"1303","CENPF","RAD54L",0.602
"1304","CENPF","MCM3",0.61
"1305","CENPF","MYC",0.669
"1306","CENPF","CKS2",0.673
"1307","CENPF","STIL",0.708
"1308","CENPF","RFC4",0.718
"1309","CENPF","CHEK1",0.761
"1310","CENPF","TK1",0.782
"1311","CENPF","PTTG1",0.827
"1312","CENPF","UBE2T",0.853
"1313","CENPF","KIF4A",0.879
"1314","CENPF","DTL",0.893
"1315","CENPF","HMMR",0.927
"1316","CENPF","PRC1",0.937
"1317","CENPF","NUSAP1",0.944
"1318","CENPF","PBK",0.949
"1319","CENPF","CEP55",0.959
"1320","CENPF","KIF20A",0.96
"1321","CENPF","TTK",0.967
"1322","CENPF","TOP2A",0.974
"1323","CENPF","KIF2C",0.985
"1324","CEP55","TRIP13",0.815
"1325","CEP55","RAD51AP1",0.839
"1326","CEP55","TROAP",0.612
"1327","CEP55","KIF11",0.997
"1328","CEP55","MCM4",0.615
"1329","CEP55","POLQ",0.443
"1330","CEP55","MAD2L1",0.73
"1331","CEP55","MELK",0.956
"1332","CEP55","PCLAF",0.861
"1333","CEP55","TPX2",0.944
"1334","CEP55","CKS1B",0.408
"1335","CEP55","KLK10",0.425
"1336","CEP55","TYMS",0.767
"1337","CEP55","KIF15",0.893
"1338","CEP55","TACC3",0.853
"1339","CEP55","LMNB2",0.403
"1340","CEP55","UBE2C",0.938
"1341","CEP55","TEAD4",0.406
"1342","CEP55","IQGAP3",0.422
"1343","CEP55","EXO1",0.639
"1344","CEP55","DTL",0.817
"1345","CEP55","TTK",0.945
"1346","CEP55","RFC4",0.467
"1347","CEP55","STIL",0.559
"1348","CEP55","RAD54L",0.619
"1349","CEP55","CKS2",0.692
"1350","CEP55","UHRF1",0.76
"1351","CEP55","UBE2T",0.768
"1352","CEP55","TK1",0.802
"1353","CEP55","CHEK1",0.871
"1354","CEP55","PTTG1",0.892
"1355","CEP55","PRC1",0.904
"1356","CEP55","HMMR",0.926
"1357","CEP55","TOP2A",0.928
"1358","CEP55","NUSAP1",0.93
"1359","CEP55","KIF2C",0.948
"1360","CEP55","KIF4A",0.951
"1361","CEP55","PBK",0.957
"1362","CEP55","KIF20A",0.962
"1363","CFB","CXCL10",0.403
"1364","CHEK1","TRIP13",0.676
"1365","CHEK1","RAD51AP1",0.802
"1366","CHEK1","TROAP",0.503
"1367","CHEK1","KIF11",0.801
"1368","CHEK1","MCM4",0.978
"1369","CHEK1","CHTF18",0.549
"1370","CHEK1","POLQ",0.523
"1371","CHEK1","MCM2",0.87
"1372","CHEK1","MAD2L1",0.927
"1373","CHEK1","MELK",0.873
"1374","CHEK1","PCLAF",0.545
"1375","CHEK1","TPX2",0.663
"1376","CHEK1","MCM7",0.906
"1377","CHEK1","CKS1B",0.469
"1378","CHEK1","PRKDC",0.928
"1379","CHEK1","TYMS",0.863
"1380","CHEK1","KIF15",0.571
"1381","CHEK1","LMNB2",0.419
"1382","CHEK1","UBE2C",0.691
"1383","CHEK1","DNMT1",0.711
"1384","CHEK1","EXO1",0.973
"1385","CHEK1","DTL",0.931
"1386","CHEK1","TTK",0.639
"1387","CHEK1","STIL",0.544
"1388","CHEK1","RAD54L",0.797
"1389","CHEK1","KIF2C",0.738
"1390","CHEK1","KIF4A",0.631
"1391","CHEK1","TFDP1",0.521
"1392","CHEK1","CKS2",0.467
"1393","CHEK1","RFC4",0.942
"1394","CHEK1","HMMR",0.625
"1395","CHEK1","PTTG1",0.624
"1396","CHEK1","PRC1",0.548
"1397","CHEK1","KIF20A",0.558
"1398","CHEK1","PAICS",0.527
"1399","CHEK1","UHRF1",0.522
"1400","CHEK1","TK1",0.57
"1401","CHEK1","NUSAP1",0.673
"1402","CHEK1","UBE2T",0.712
"1403","CHEK1","PBK",0.735
"1404","CHEK1","MYC",0.76
"1405","CHEK1","TOP2A",0.889
"1406","CHEK1","MCM3",0.95
"1407","CHEK1","TIMELESS",0.993
"1408","CHTF18","MCM4",0.732
"1409","CHTF18","KIF15",0.454
"1410","CHTF18","RAD54L",0.466
"1411","CHTF18","MYC",0.578
"1412","CHTF18","MAD2L1",0.678
"1413","CHTF18","MCM7",0.698
"1414","CHTF18","EXO1",0.765
"1415","CHTF18","MCM3",0.786
"1416","CHTF18","TIMELESS",0.786
"1417","CHTF18","MCM2",0.91
"1418","CHTF18","RFC4",0.999
"1419","CKMT2","HSPE1",0.423
"1420","CKS1B","TRIP13",0.718
"1421","CKS1B","RNASEH2A",0.403
"1422","CKS1B","RAD51AP1",0.465
"1423","CKS1B","KIF11",0.565
"1424","CKS1B","MCM4",0.43
"1425","CKS1B","MAD2L1",0.722
"1426","CKS1B","MELK",0.518
"1427","CKS1B","PCLAF",0.419
"1428","CKS1B","TPX2",0.566
"1429","CKS1B","MCM7",0.513
"1430","CKS1B","EXO1",0.405
"1431","CKS1B","DTL",0.421
"1432","CKS1B","MCM3",0.421
"1433","CKS1B","TK1",0.476
"1434","CKS1B","HMMR",0.501
"1435","CKS1B","KIF20A",0.503
"1436","CKS1B","PRC1",0.508
"1437","CKS1B","TTK",0.524
"1438","CKS1B","PBK",0.537
"1439","CKS1B","TOP2A",0.551
"1440","CKS1B","E2F5",0.56
"1441","CKS1B","TYMS",0.572
"1442","CKS1B","KIF2C",0.598
"1443","CKS1B","NUSAP1",0.603
"1444","CKS1B","RFC4",0.608
"1445","CKS1B","TFDP1",0.641
"1446","CKS1B","MYC",0.668
"1447","CKS1B","UBE2T",0.717
"1448","CKS1B","UBE2C",0.727
"1449","CKS1B","PTTG1",0.854
"1450","CKS1B","CKS2",0.993
"1451","CKS2","TRIP13",0.691
"1452","CKS2","RAD51AP1",0.577
"1453","CKS2","KIF11",0.675
"1454","CKS2","MCM4",0.524
"1455","CKS2","MAD2L1",0.82
"1456","CKS2","MELK",0.793
"1457","CKS2","PCLAF",0.685
"1458","CKS2","TPX2",0.596
"1459","CKS2","MCM7",0.488
"1460","CKS2","TYMS",0.679
"1461","CKS2","KIF15",0.469
"1462","CKS2","UBE2C",0.874
"1463","CKS2","EXO1",0.408
"1464","CKS2","DTL",0.405
"1465","CKS2","TTK",0.639
"1466","CKS2","KIF2C",0.732
"1467","CKS2","KIF4A",0.494
"1468","CKS2","MCM3",0.42
"1469","CKS2","RFC4",0.531
"1470","CKS2","UBE2T",0.61
"1471","CKS2","PRC1",0.625
"1472","CKS2","TK1",0.653
"1473","CKS2","KIF20A",0.666
"1474","CKS2","PBK",0.69
"1475","CKS2","TOP2A",0.708
"1476","CKS2","HMMR",0.716
"1477","CKS2","NUSAP1",0.774
"1478","CKS2","PTTG1",0.888
"1479","CLDN1","MMP7",0.417
"1480","CLDN1","STC2",0.527
"1481","CLDN1","SLC2A1",0.402
"1482","CLDN1","ITGA2",0.809
"1483","CLDN1","CLDN2",0.843
"1484","CLDN2","FOXA2",0.426
"1485","COL7A1","MMP7",0.505
"1486","COL7A1","MMP10",0.667
"1487","COL7A1","MMP3",0.557
"1488","COL7A1","MMP1",0.673
"1489","COL7A1","MMP12",0.432
"1490","CSE1L","FBL",0.536
"1491","CSE1L","PAICS",0.403
"1492","CSE1L","TPX2",0.453
"1493","CSE1L","RCC2",0.457
"1494","CSE1L","RANBP1",0.786
"1495","CXCL1","GZMB",0.458
"1496","CXCL1","CXCL6",0.999
"1497","CXCL1","GDF15",0.421
"1498","CXCL1","IER3",0.485
"1499","CXCL1","MMP7",0.657
"1500","CXCL1","IL11",0.533
"1501","CXCL1","MMP10",0.486
"1502","CXCL1","CXCL5",0.999
"1503","CXCL1","MMP3",0.821
"1504","CXCL1","CXCL10",0.992
"1505","CXCL1","MMP1",0.752
"1506","CXCL1","TNFRSF12A",0.617
"1507","CXCL1","CXCL9",0.859
"1508","CXCL1","PLAU",0.489
"1509","CXCL1","IL24",0.462
"1510","CXCL1","MYC",0.442
"1511","CXCL1","MMP12",0.557
"1512","CXCL1","CXCL2",0.996
"1513","CXCL10","GZMB",0.715
"1514","CXCL10","CXCL6",0.998
"1515","CXCL10","MMP7",0.4
"1516","CXCL10","IL11",0.448
"1517","CXCL10","CXCL5",0.974
"1518","CXCL10","MMP3",0.702
"1519","CXCL10","MYC",0.435
"1520","CXCL10","MMP12",0.493
"1521","CXCL10","IFITM1",0.5
"1522","CXCL10","EPSTI1",0.535
"1523","CXCL10","MMP1",0.732
"1524","CXCL10","CXCL2",0.965
"1525","CXCL10","CXCL9",0.999
"1526","CXCL2","CXCL6",0.998
"1527","CXCL2","IER3",0.525
"1528","CXCL2","CXCL5",0.998
"1529","CXCL2","MMP3",0.424
"1530","CXCL2","MMP1",0.451
"1531","CXCL2","CXCL9",0.997
"1532","CXCL2","PLAU",0.593
"1533","CXCL2","MMP12",0.403
"1534","CXCL5","CXCL6",0.942
"1535","CXCL5","GDF15",0.545
"1536","CXCL5","MMP7",0.436
"1537","CXCL5","IL11",0.682
"1538","CXCL5","MMP10",0.404
"1539","CXCL5","IL24",0.446
"1540","CXCL5","MMP12",0.469
"1541","CXCL5","CXCL9",0.693
"1542","CXCL5","MMP3",0.696
"1543","CXCL5","MMP1",0.729
"1544","CXCL6","ITGA2",0.411
"1545","CXCL6","MMP1",0.429
"1546","CXCL6","IL24",0.45
"1547","CXCL6","MYC",0.473
"1548","CXCL6","MMP3",0.611
"1549","CXCL6","CXCL9",0.66
"1550","CXCL9","GZMB",0.728
"1551","CXCL9","MMP3",0.632
"1552","CXCL9","MMP1",0.611
"1553","CXCL9","MMP12",0.506
"1554","DCUN1D5","DTL",0.542
"1555","DDIT4","SLC7A5",0.405
"1556","DDIT4","MYC",0.421
"1557","DDIT4","PLAU",0.461
"1558","DDIT4","SLC2A1",0.505
"1559","DDIT4","TRIB3",0.546
"1560","DDX21","FBL",0.874
"1561","DDX21","WDR12",0.839
"1562","DDX21","RRS1",0.842
"1563","DDX21","LYAR",0.527
"1564","DDX21","PUS7",0.455
"1565","DDX21","MYC",0.552
"1566","DDX21","TOP2A",0.576
"1567","DDX21","POLR1C",0.697
"1568","DDX21","SRPK1",0.827
"1569","DDX21","DKC1",0.887
"1570","DHCR7","TMEM97",0.409
"1571","DHCR7","STC2",0.441
"1572","DHCR7","SQLE",0.983
"1573","DHCR7","PCSK9",0.421
"1574","DHCR7","FASN",0.757
"1575","DHCR7","LMNB2",0.523
"1576","DHCR7","UBE2C",0.408
"1577","DHCR7","SCD",0.663
"1578","DKC1","RNASEH2A",0.41
"1579","DKC1","FBL",0.999
"1580","DKC1","WDR12",0.947
"1581","DKC1","MCM7",0.506
"1582","DKC1","RRS1",0.804
"1583","DKC1","LYAR",0.626
"1584","DKC1","EXO1",0.485
"1585","DKC1","PAICS",0.449
"1586","DKC1","RPS15",0.468
"1587","DKC1","RANBP1",0.474
"1588","DKC1","TOP2A",0.55
"1589","DKC1","RPP40",0.609
"1590","DKC1","WDR4",0.646
"1591","DKC1","MYC",0.685
"1592","DKC1","POLR1C",0.81
"1593","DKC1","PUS7",0.832
"1594","DKC1","SNRPB",0.849
"1595","DKC1","PUS1",0.963
"1596","DNMT1","MCM4",0.456
"1597","DNMT1","MCM2",0.41
"1598","DNMT1","PCLAF",0.486
"1599","DNMT1","MCM7",0.65
"1600","DNMT1","PRKDC",0.404
"1601","DNMT1","TYMS",0.481
"1602","DNMT1","TEAD4",0.432
"1603","DNMT1","TOP2A",0.447
"1604","DNMT1","RFC4",0.489
"1605","DNMT1","E2F5",0.495
"1606","DNMT1","MCM3",0.7
"1607","DNMT1","MYC",0.837
"1608","DNMT1","UHRF1",0.999
"1609","DNTTIP1","UBE2C",0.462
"1610","DPM1","PCSK9",0.413
"1611","DPM1","TTF2",0.635
"1612","DTL","TRIP13",0.546
"1613","DTL","RAD51AP1",0.602
"1614","DTL","KIF11",0.85
"1615","DTL","MCM4",0.707
"1616","DTL","POLQ",0.527
"1617","DTL","MCM2",0.772
"1618","DTL","MAD2L1",0.472
"1619","DTL","MELK",0.842
"1620","DTL","PCLAF",0.794
"1621","DTL","TPX2",0.676
"1622","DTL","MCM7",0.543
"1623","DTL","TYMS",0.713
"1624","DTL","KIF15",0.807
"1625","DTL","UBE2C",0.567
"1626","DTL","EXO1",0.901
"1627","DTL","TIMELESS",0.42
"1628","DTL","STIL",0.452
"1629","DTL","PTTG1",0.508
"1630","DTL","RAD54L",0.516
"1631","DTL","TK1",0.516
"1632","DTL","KIF2C",0.571
"1633","DTL","PRC1",0.624
"1634","DTL","KIF20A",0.646
"1635","DTL","MCM3",0.677
"1636","DTL","HMMR",0.682
"1637","DTL","KIF4A",0.728
"1638","DTL","RFC4",0.763
"1639","DTL","UHRF1",0.786
"1640","DTL","TTK",0.787
"1641","DTL","UBE2T",0.812
"1642","DTL","TOP2A",0.822
"1643","DTL","NUSAP1",0.834
"1644","DTL","PBK",0.873
"1645","DUSP4","ETV4",0.464
"1646","DUSP4","PHLDA1",0.536
"1647","E2F5","TFDP1",0.999
"1648","E2F5","TOP2A",0.599
"1649","E2F5","MYC",0.822
"1650","ENC1","PLAGL2",0.509
"1651","EPHB3","SOX9",0.416
"1652","EPSTI1","IFITM1",0.52
"1653","ETV4","MMP7",0.401
"1654","ETV4","ITGA2",0.424
"1655","ETV4","MYC",0.434
"1656","EVPL","PLEK2",0.46
"1657","EXO1","TRIP13",0.861
"1658","EXO1","RNASEH2A",0.826
"1659","EXO1","RAD51AP1",0.928
"1660","EXO1","KIF11",0.772
"1661","EXO1","MCM4",0.896
"1662","EXO1","POLQ",0.805
"1663","EXO1","MCM2",0.786
"1664","EXO1","MAD2L1",0.8
"1665","EXO1","MELK",0.9
"1666","EXO1","PCLAF",0.652
"1667","EXO1","TPX2",0.807
"1668","EXO1","MCM7",0.82
"1669","EXO1","PRKDC",0.777
"1670","EXO1","TYMS",0.701
"1671","EXO1","KIF15",0.73
"1672","EXO1","TACC3",0.673
"1673","EXO1","UBE2C",0.695
"1674","EXO1","STIL",0.411
"1675","EXO1","PTTG1",0.543
"1676","EXO1","UHRF1",0.549
"1677","EXO1","PAICS",0.569
"1678","EXO1","PRC1",0.583
"1679","EXO1","HMMR",0.595
"1680","EXO1","MYC",0.624
"1681","EXO1","TK1",0.657
"1682","EXO1","KIF20A",0.664
"1683","EXO1","KIF4A",0.666
"1684","EXO1","UBE2T",0.669
"1685","EXO1","MCM3",0.736
"1686","EXO1","TIMELESS",0.74
"1687","EXO1","NUSAP1",0.742
"1688","EXO1","KIF2C",0.764
"1689","EXO1","PBK",0.773
"1690","EXO1","TOP2A",0.797
"1691","EXO1","RAD54L",0.832
"1692","EXO1","TTK",0.896
"1693","EXO1","RFC4",0.955
"1694","EXOSC5","RPP40",0.404
"1695","EXOSC5","LYAR",0.426
"1696","EXOSC5","RNASEH2A",0.471
"1697","EXOSC5","WDR12",0.479
"1698","EXOSC5","TYMS",0.641
"1699","EXOSC5","RPS7",0.699
"1700","EXOSC5","FBL",0.789
"1701","F12","PLAU",0.629
"1702","FASN","SQLE",0.73
"1703","FASN","GPT2",0.43
"1704","FASN","SHMT2",0.44
"1705","FASN","NPY",0.457
"1706","FASN","MYC",0.508
"1707","FASN","SLC2A1",0.574
"1708","FASN","MLXIPL",0.813
"1709","FASN","SCD",0.96
"1710","FBL","SNRPF",0.417
"1711","FBL","PAICS",0.437
"1712","FBL","LMNB2",0.437
"1713","FBL","IMPDH1",0.454
"1714","FBL","TOP2A",0.456
"1715","FBL","WDR4",0.49
"1716","FBL","PUS7",0.514
"1717","FBL","PUS1",0.526
"1718","FBL","RPS15",0.574
"1719","FBL","RANBP1",0.587
"1720","FBL","PRKDC",0.597
"1721","FBL","LYAR",0.599
"1722","FBL","MYC",0.618
"1723","FBL","RPP40",0.646
"1724","FBL","IMPDH2",0.691
"1725","FBL","SNRPB",0.701
"1726","FBL","POLR1C",0.816
"1727","FBL","RRS1",0.836
"1728","FBL","WDR12",0.85
"1729","FBL","RPS7",0.992
"1730","FOXA2","SALL4",0.402
"1731","FOXA2","SOX9",0.664
"1732","FOXA2","TEAD4",0.647
"1733","FOXA2","PROX1",0.494
"1734","FOXA2","TGIF2",0.419
"1735","FOXA2","ZIC2",0.753
"1736","FOXA2","MSX1",0.552
"1737","FOXA2","MYC",0.517
"1738","FOXQ1","NCOA7",0.412
"1739","GDF15","TRIB3",0.475
"1740","GDF15","IER3",0.488
"1741","GDF15","TNFRSF12A",0.491
"1742","GDF15","MMP12",0.522
"1743","GGH","UBE2T",0.436
"1744","GGH","SHMT2",0.519
"1745","GGH","TYMS",0.708
"1746","GNG4","NMU",0.609
"1747","GPT2","ODC1",0.524
"1748","GPT2","SQLE",0.41
"1749","GPT2","SHMT2",0.496
"1750","GPT2","PSAT1",0.724
"1751","GZMB","ITGA2",0.427
"1752","GZMB","MYC",0.446
"1753","GZMB","LMNB2",0.911
"1754","HMGB2","MCM7",0.41
"1755","HMGB2","TOP2A",0.512
"1756","HMMR","TRIP13",0.763
"1757","HMMR","RAD51AP1",0.852
"1758","HMMR","TROAP",0.555
"1759","HMMR","KIF11",0.928
"1760","HMMR","MCM4",0.56
"1761","HMMR","POLQ",0.458
"1762","HMMR","MAD2L1",0.801
"1763","HMMR","MELK",0.884
"1764","HMMR","PCLAF",0.754
"1765","HMMR","TPX2",0.979
"1766","HMMR","TYMS",0.664
"1767","HMMR","KIF15",0.901
"1768","HMMR","TACC3",0.527
"1769","HMMR","UBE2C",0.896
"1770","HMMR","TTK",0.881
"1771","HMMR","STIL",0.44
"1772","HMMR","RAD54L",0.532
"1773","HMMR","KIF2C",0.868
"1774","HMMR","KIF4A",0.877
"1775","HMMR","RFC4",0.468
"1776","HMMR","UHRF1",0.474
"1777","HMMR","TK1",0.557
"1778","HMMR","UBE2T",0.579
"1779","HMMR","PRC1",0.833
"1780","HMMR","PTTG1",0.861
"1781","HMMR","PBK",0.893
"1782","HMMR","NUSAP1",0.896
"1783","HMMR","TOP2A",0.902
"1784","HMMR","KIF20A",0.909
"1785","HOXB8","ZIC2",0.403
"1786","HSPD1","HSPE1",0.999
"1787","HSPD1","TRAP1",0.754
"1788","HSPD1","SHMT2",0.598
"1789","HSPD1","MYC",0.438
"1790","HSPD1","PAICS",0.524
"1791","HSPD1","PPA1",0.578
"1792","HSPD1","HSPH1",0.799
"1793","HSPE1","TOP2A",0.404
"1794","HSPE1","TYMS",0.406
"1795","HSPE1","RPS21",0.408
"1796","HSPE1","POLR1C",0.412
"1797","HSPE1","PRDX4",0.448
"1798","HSPE1","PAICS",0.458
"1799","HSPE1","SNRPF",0.467
"1800","HSPE1","PPA1",0.582
"1801","HSPE1","SHMT2",0.635
"1802","HSPE1","TRAP1",0.828
"1803","HSPE1","HSPH1",0.87
"1804","HSPH1","TRAP1",0.602
"1805","HSPH1","RPS15",0.411
"1806","HSPH1","MYC",0.534
"1807","IER3","TNFRSF12A",0.535
"1808","IER3","PHLDA1",0.688
"1809","IL11","S100P",0.428
"1810","IL11","TNFRSF11B",0.484
"1811","IL11","MMP3",0.494
"1812","IL11","MMP1",0.5
"1813","IL11","IL24",0.538
"1814","IMPDH1","PPAT",0.794
"1815","IMPDH1","TYMS",0.523
"1816","IMPDH1","IMPDH2",0.984
"1817","IMPDH1","SHMT2",0.459
"1818","IMPDH1","TK1",0.403
"1819","IMPDH1","PAICS",0.564
"1820","IMPDH2","PPAT",0.839
"1821","IMPDH2","TYMS",0.572
"1822","IMPDH2","TOP2A",0.433
"1823","IMPDH2","MTHFD2",0.466
"1824","IMPDH2","MYC",0.515
"1825","IMPDH2","SHMT2",0.643
"1826","IMPDH2","PAICS",0.744
"1827","IQGAP3","TROAP",0.595
"1828","IQGAP3","KIF11",0.658
"1829","IQGAP3","RTKN",0.411
"1830","IQGAP3","TPX2",0.45
"1831","IQGAP3","KIF15",0.417
"1832","IQGAP3","UBE2C",0.561
"1833","IQGAP3","PLEKHG4",0.432
"1834","IQGAP3","PBK",0.475
"1835","IQGAP3","NUSAP1",0.512
"1836","IQGAP3","TTK",0.515
"1837","IQGAP3","PRC1",0.596
"1838","IQGAP3","KIF4A",0.639
"1839","IQGAP3","TOP2A",0.66
"1840","IQGAP3","KIF2C",0.695
"1841","IQGAP3","KIF20A",0.773
"1842","ITGA2","MET",0.728
"1843","ITGA2","MMP1",0.813
"1844","KCNN4","SLC12A2",0.463
"1845","KIF11","TRIP13",0.789
"1846","KIF11","RAD51AP1",0.864
"1847","KIF11","TROAP",0.598
"1848","KIF11","MYC",0.402
"1849","KIF11","LMNB2",0.478
"1850","KIF11","POLQ",0.517
"1851","KIF11","UBE2T",0.519
"1852","KIF11","TIMELESS",0.558
"1853","KIF11","RFC4",0.56
"1854","KIF11","RAD54L",0.657
"1855","KIF11","UHRF1",0.708
"1856","KIF11","TYMS",0.726
"1857","KIF11","MCM7",0.745
"1858","KIF11","TK1",0.761
"1859","KIF11","MCM3",0.846
"1860","KIF11","MCM2",0.848
"1861","KIF11","TACC3",0.851
"1862","KIF11","PCLAF",0.857
"1863","KIF11","STIL",0.858
"1864","KIF11","PTTG1",0.859
"1865","KIF11","MCM4",0.874
"1866","KIF11","UBE2C",0.916
"1867","KIF11","MELK",0.941
"1868","KIF11","KIF4A",0.952
"1869","KIF11","PBK",0.955
"1870","KIF11","TPX2",0.965
"1871","KIF11","KIF2C",0.968
"1872","KIF11","PRC1",0.972
"1873","KIF11","MAD2L1",0.973
"1874","KIF11","NUSAP1",0.974
"1875","KIF11","TOP2A",0.975
"1876","KIF11","KIF20A",0.98
"1877","KIF11","KIF15",0.983
"1878","KIF11","TTK",0.984
"1879","KIF15","TRIP13",0.596
"1880","KIF15","RAD51AP1",0.765
"1881","KIF15","TROAP",0.7
"1882","KIF15","MCM4",0.488
"1883","KIF15","POLQ",0.656
"1884","KIF15","MCM2",0.47
"1885","KIF15","MAD2L1",0.654
"1886","KIF15","MELK",0.868
"1887","KIF15","PCLAF",0.797
"1888","KIF15","TPX2",0.948
"1889","KIF15","TYMS",0.509
"1890","KIF15","MCM3",0.443
"1891","KIF15","TACC3",0.457
"1892","KIF15","LMNB2",0.521
"1893","KIF15","RFC4",0.543
"1894","KIF15","UHRF1",0.551
"1895","KIF15","STIL",0.552
"1896","KIF15","UBE2T",0.564
"1897","KIF15","RAD54L",0.703
"1898","KIF15","PTTG1",0.746
"1899","KIF15","PRC1",0.782
"1900","KIF15","UBE2C",0.844
"1901","KIF15","PBK",0.873
"1902","KIF15","KIF4A",0.917
"1903","KIF15","NUSAP1",0.926
"1904","KIF15","KIF20A",0.942
"1905","KIF15","KIF2C",0.945
"1906","KIF15","TOP2A",0.955
"1907","KIF15","TTK",0.961
"1908","KIF20A","TRIP13",0.913
"1909","KIF20A","RAD51AP1",0.783
"1910","KIF20A","TROAP",0.831
"1911","KIF20A","MCM4",0.824
"1912","KIF20A","MCM2",0.578
"1913","KIF20A","MAD2L1",0.913
"1914","KIF20A","MELK",0.929
"1915","KIF20A","PCLAF",0.826
"1916","KIF20A","TPX2",0.972
"1917","KIF20A","MCM7",0.552
"1918","KIF20A","PRKDC",0.424
"1919","KIF20A","TYMS",0.682
"1920","KIF20A","TACC3",0.787
"1921","KIF20A","LMNB2",0.512
"1922","KIF20A","UBE2C",0.961
"1923","KIF20A","TTK",0.923
"1924","KIF20A","STIL",0.528
"1925","KIF20A","RAD54L",0.662
"1926","KIF20A","KIF2C",0.973
"1927","KIF20A","KIF4A",0.992
"1928","KIF20A","RFC4",0.736
"1929","KIF20A","PTTG1",0.9
"1930","KIF20A","PRC1",0.937
"1931","KIF20A","TIMELESS",0.403
"1932","KIF20A","MCM3",0.654
"1933","KIF20A","UBE2T",0.687
"1934","KIF20A","UHRF1",0.764
"1935","KIF20A","TK1",0.791
"1936","KIF20A","PBK",0.955
"1937","KIF20A","NUSAP1",0.956
"1938","KIF20A","TOP2A",0.974
"1939","KIF2C","TRIP13",0.811
"1940","KIF2C","RAD51AP1",0.648
"1941","KIF2C","TROAP",0.833
"1942","KIF2C","MCM4",0.617
"1943","KIF2C","POLQ",0.474
"1944","KIF2C","MCM2",0.569
"1945","KIF2C","MAD2L1",0.927
"1946","KIF2C","MELK",0.935
"1947","KIF2C","PCLAF",0.766
"1948","KIF2C","TPX2",0.999
"1949","KIF2C","MCM7",0.666
"1950","KIF2C","TYMS",0.607
"1951","KIF2C","TACC3",0.825
"1952","KIF2C","LMNB2",0.449
"1953","KIF2C","UBE2C",0.954
"1954","KIF2C","TTK",0.955
"1955","KIF2C","STIL",0.581
"1956","KIF2C","RAD54L",0.691
"1957","KIF2C","TIMELESS",0.446
"1958","KIF2C","MCM3",0.545
"1959","KIF2C","TK1",0.562
"1960","KIF2C","MYC",0.581
"1961","KIF2C","UBE2T",0.583
"1962","KIF2C","UHRF1",0.65
"1963","KIF2C","RCC2",0.682
"1964","KIF2C","RFC4",0.733
"1965","KIF2C","PTTG1",0.875
"1966","KIF2C","PBK",0.909
"1967","KIF2C","TOP2A",0.937
"1968","KIF2C","NUSAP1",0.943
"1969","KIF2C","PRC1",0.944
"1970","KIF2C","KIF4A",0.947
"1971","KIF4A","TRIP13",0.76
"1972","KIF4A","RAD51AP1",0.795
"1973","KIF4A","TROAP",0.836
"1974","KIF4A","MCM4",0.57
"1975","KIF4A","POLQ",0.443
"1976","KIF4A","MCM2",0.497
"1977","KIF4A","MAD2L1",0.726
"1978","KIF4A","MELK",0.964
"1979","KIF4A","PCLAF",0.523
"1980","KIF4A","TPX2",0.965
"1981","KIF4A","MCM7",0.414
"1982","KIF4A","TYMS",0.494
"1983","KIF4A","TACC3",0.567
"1984","KIF4A","UBE2C",0.905
"1985","KIF4A","TTK",0.921
"1986","KIF4A","STIL",0.535
"1987","KIF4A","RAD54L",0.599
"1988","KIF4A","RFC4",0.481
"1989","KIF4A","MCM3",0.588
"1990","KIF4A","UHRF1",0.653
"1991","KIF4A","UBE2T",0.696
"1992","KIF4A","TK1",0.718
"1993","KIF4A","PTTG1",0.786
"1994","KIF4A","TOP2A",0.915
"1995","KIF4A","NUSAP1",0.924
"1996","KIF4A","PBK",0.938
"1997","KIF4A","PRC1",0.995
"1998","KLK10","PSAT1",0.405
"1999","KLK10","SERPINB5",0.501
"2000","KLK10","KLK11",0.825
"2001","LAPTM4B","SLC7A5",0.462
"2002","LMNB2","MCM4",0.551
"2003","LMNB2","MCM2",0.588
"2004","LMNB2","TPX2",0.524
"2005","LMNB2","MCM7",0.749
"2006","LMNB2","UHRF1",0.455
"2007","LMNB2","PRC1",0.476
"2008","LMNB2","TOP2A",0.527
"2009","LMNB2","PTTG1",0.566
"2010","LMNB2","MYC",0.71
"2011","LMNB2","MCM3",0.752
"2012","LRP8","PCSK9",0.559
"2013","LY6G6D","MSLN",0.4
"2014","LYAR","WDR12",0.582
"2015","LYAR","RPL29",0.812
"2016","LYAR","RRS1",0.919
"2017","LYAR","PUS1",0.489
"2018","LYAR","SRPK1",0.531
"2019","LYAR","POLR1C",0.603
"2020","LYAR","RPS7",0.819
"2021","LYAR","RPS21",0.863
"2022","LYAR","RPS15",0.911
"2023","MAD2L1","TRIP13",0.994
"2024","MAD2L1","RNASEH2A",0.464
"2025","MAD2L1","RAD51AP1",0.859
"2026","MAD2L1","MCM4",0.855
"2027","MAD2L1","MCM2",0.757
"2028","MAD2L1","RANBP1",0.418
"2029","MAD2L1","PAICS",0.426
"2030","MAD2L1","MYC",0.46
"2031","MAD2L1","UHRF1",0.521
"2032","MAD2L1","RAD54L",0.53
"2033","MAD2L1","PRKDC",0.548
"2034","MAD2L1","RCC2",0.603
"2035","MAD2L1","TK1",0.714
"2036","MAD2L1","PCLAF",0.774
"2037","MAD2L1","MCM3",0.793
"2038","MAD2L1","MCM7",0.797
"2039","MAD2L1","TACC3",0.8
"2040","MAD2L1","PRC1",0.802
"2041","MAD2L1","UBE2T",0.838
"2042","MAD2L1","NUSAP1",0.847
"2043","MAD2L1","TPX2",0.863
"2044","MAD2L1","TOP2A",0.89
"2045","MAD2L1","PTTG1",0.891
"2046","MAD2L1","TYMS",0.9
"2047","MAD2L1","UBE2C",0.929
"2048","MAD2L1","MELK",0.946
"2049","MAD2L1","RFC4",0.947
"2050","MAD2L1","PBK",0.952
"2051","MAD2L1","TTK",0.995
"2052","MCM2","TRIP13",0.446
"2053","MCM2","RNASEH2A",0.732
"2054","MCM2","RAD51AP1",0.493
"2055","MCM2","MCM4",0.999
"2056","MCM2","POLQ",0.461
"2057","MCM2","PCLAF",0.414
"2058","MCM2","RCC2",0.421
"2059","MCM2","UBE2T",0.444
"2060","MCM2","NUSAP1",0.495
"2061","MCM2","UBE2C",0.525
"2062","MCM2","TK1",0.528
"2063","MCM2","PBK",0.534
"2064","MCM2","UHRF1",0.551
"2065","MCM2","RAD54L",0.564
"2066","MCM2","TPX2",0.585
"2067","MCM2","MELK",0.601
"2068","MCM2","TTK",0.606
"2069","MCM2","TOP2A",0.689
"2070","MCM2","PRC1",0.708
"2071","MCM2","TYMS",0.813
"2072","MCM2","RFC4",0.877
"2073","MCM2","TIMELESS",0.998
"2074","MCM2","MCM3",0.999
"2075","MCM2","MCM7",0.999
"2076","MCM3","TRIP13",0.559
"2077","MCM3","RNASEH2A",0.736
"2078","MCM3","RAD51AP1",0.484
"2079","MCM3","MCM4",0.999
"2080","MCM3","MELK",0.681
"2081","MCM3","PCLAF",0.438
"2082","MCM3","MCM7",0.999
"2083","MCM3","PRKDC",0.456
"2084","MCM3","TYMS",0.704
"2085","MCM3","UBE2C",0.521
"2086","MCM3","TTK",0.59
"2087","MCM3","RAD54L",0.502
"2088","MCM3","TFDP1",0.417
"2089","MCM3","RCC2",0.424
"2090","MCM3","RFC4",0.971
"2091","MCM3","PTTG1",0.564
"2092","MCM3","PRC1",0.513
"2093","MCM3","PAICS",0.487
"2094","MCM3","TOP2A",0.753
"2095","MCM3","PUS7",0.428
"2096","MCM3","PBK",0.465
"2097","MCM3","TIMELESS",0.993
"2098","MCM3","TK1",0.685
"2099","MCM3","MYC",0.672
"2100","MCM3","UHRF1",0.655
"2101","MCM3","NUSAP1",0.472
"2102","MCM4","TRIP13",0.741
"2103","MCM4","RNASEH2A",0.671
"2104","MCM4","RAD51AP1",0.5
"2105","MCM4","STIL",0.403
"2106","MCM4","TFDP1",0.422
"2107","MCM4","TACC3",0.486
"2108","MCM4","UBE2T",0.486
"2109","MCM4","TK1",0.529
"2110","MCM4","RANBP1",0.531
"2111","MCM4","PAICS",0.554
"2112","MCM4","RAD54L",0.573
"2113","MCM4","PTTG1",0.575
"2114","MCM4","UHRF1",0.602
"2115","MCM4","PCLAF",0.603
"2116","MCM4","PBK",0.604
"2117","MCM4","MYC",0.651
"2118","MCM4","UBE2C",0.653
"2119","MCM4","NUSAP1",0.664
"2120","MCM4","MELK",0.686
"2121","MCM4","PRC1",0.703
"2122","MCM4","TTK",0.709
"2123","MCM4","TPX2",0.723
"2124","MCM4","TOP2A",0.814
"2125","MCM4","PRKDC",0.887
"2126","MCM4","RFC4",0.898
"2127","MCM4","TYMS",0.938
"2128","MCM4","TIMELESS",0.993
"2129","MCM4","MCM7",0.999
"2130","MCM7","TRIP13",0.799
"2131","MCM7","RNASEH2A",0.863
"2132","MCM7","WDR12",0.47
"2133","MCM7","MELK",0.401
"2134","MCM7","TPX2",0.66
"2135","MCM7","TFDP1",0.409
"2136","MCM7","UBE2T",0.413
"2137","MCM7","TTK",0.422
"2138","MCM7","TRIM29",0.43
"2139","MCM7","PBK",0.432
"2140","MCM7","RAD54L",0.456
"2141","MCM7","TK1",0.5
"2142","MCM7","NUSAP1",0.504
"2143","MCM7","UHRF1",0.525
"2144","MCM7","TACC3",0.584
"2145","MCM7","PRC1",0.644
"2146","MCM7","MYC",0.684
"2147","MCM7","UBE2C",0.695
"2148","MCM7","TOP2A",0.706
"2149","MCM7","TYMS",0.734
"2150","MCM7","RFC4",0.906
"2151","MCM7","TIMELESS",0.996
"2152","MELK","TRIP13",0.906
"2153","MELK","RAD51AP1",0.887
"2154","MELK","TROAP",0.719
"2155","MELK","POLQ",0.499
"2156","MELK","SRPK1",0.402
"2157","MELK","TIMELESS",0.508
"2158","MELK","UHRF1",0.597
"2159","MELK","RFC4",0.649
"2160","MELK","RAD54L",0.649
"2161","MELK","UBE2T",0.706
"2162","MELK","TACC3",0.721
"2163","MELK","TYMS",0.737
"2164","MELK","TK1",0.792
"2165","MELK","STIL",0.819
"2166","MELK","PCLAF",0.871
"2167","MELK","PTTG1",0.874
"2168","MELK","PRC1",0.893
"2169","MELK","NUSAP1",0.93
"2170","MELK","TTK",0.931
"2171","MELK","UBE2C",0.948
"2172","MELK","TOP2A",0.955
"2173","MELK","TPX2",0.958
"2174","MELK","PBK",0.963
"2175","MET","MMP7",0.413
"2176","MET","SLCO1B3",0.402
"2177","MET","PCSK9",0.459
"2178","MET","MSLN",0.418
"2179","MET","SERPINB5",0.42
"2180","MET","MYC",0.672
"2181","MET","PLAU",0.765
"2182","MLXIPL","MYC",0.404
"2183","MLXIPL","SCD",0.732
"2184","MMP1","MMP11",0.772
"2185","MMP1","TCN1",0.439
"2186","MMP1","MMP7",0.878
"2187","MMP1","MMP10",0.789
"2188","MMP1","MMP3",0.985
"2189","MMP1","TYMS",0.42
"2190","MMP1","MYC",0.434
"2191","MMP1","MMP12",0.625
"2192","MMP1","PLAU",0.852
"2193","MMP10","MMP11",0.78
"2194","MMP10","TCN1",0.526
"2195","MMP10","MMP7",0.85
"2196","MMP10","PLAU",0.615
"2197","MMP10","MMP3",0.973
"2198","MMP11","MMP7",0.75
"2199","MMP12","MMP7",0.737
"2200","MMP12","MMP3",0.764
"2201","MMP12","PLAU",0.508
"2202","MMP3","SOX9",0.592
"2203","MMP3","MMP7",0.787
"2204","MMP3","MYC",0.623
"2205","MMP3","PLAU",0.764
"2206","MMP7","SOX9",0.405
"2207","MMP7","TCN1",0.632
"2208","MMP7","MSLN",0.404
"2209","MMP7","MYC",0.639
"2210","MMP7","PLAU",0.746
"2211","MSX1","SOX9",0.631
"2212","MTHFD1L","PPAT",0.845
"2213","MTHFD1L","TYMS",0.757
"2214","MTHFD1L","SHMT2",0.995
"2215","MTHFD1L","PSAT1",0.774
"2216","MTHFD1L","MTHFD2",0.99
"2217","MTHFD1L","PAICS",0.842
"2218","MTHFD2","RNASEH2A",0.422
"2219","MTHFD2","SLC7A5",0.561
"2220","MTHFD2","PPAT",0.726
"2221","MTHFD2","TYMS",0.994
"2222","MTHFD2","SHMT2",0.997
"2223","MTHFD2","TTF2",0.453
"2224","MTHFD2","SRPK1",0.42
"2225","MTHFD2","PSAT1",0.763
"2226","MTHFD2","PTTG1",0.452
"2227","MTHFD2","MYC",0.476
"2228","MTHFD2","TRIB3",0.492
"2229","MTHFD2","PAICS",0.62
"2230","MYC","PLEK2",0.48
"2231","MYC","SALL4",0.535
"2232","MYC","TMEM97",0.622
"2233","MYC","ODC1",0.771
"2234","MYC","SOX4",0.722
"2235","MYC","SOX9",0.59
"2236","MYC","SLC7A5",0.515
"2237","MYC","TPX2",0.456
"2238","MYC","PRKDC",0.731
"2239","MYC","TYMS",0.459
"2240","MYC","RRS1",0.428
"2241","MYC","SHMT2",0.479
"2242","MYC","UBE2C",0.43
"2243","MYC","TEAD4",0.449
"2244","MYC","PLAU",0.708
"2245","MYC","PPA1",0.442
"2246","MYC","TFDP1",0.776
"2247","MYC","PSAT1",0.429
"2248","MYC","RFC4",0.451
"2249","MYC","PTTG1",0.45
"2250","MYC","PAICS",0.567
"2251","MYC","TOP2A",0.577
"2252","MYC","TRIB3",0.487
"2253","MYC","SLC2A1",0.7
"2254","MYC","PBK",0.405
"2255","MYC","RNF43",0.4
"2256","MYC","TK1",0.433
"2257","MYC","UHRF1",0.459
"2258","NKD1","RNF43",0.642
"2259","NKD1","NKD2",0.915
"2260","NMU","NPY",0.8
"2261","NUSAP1","TRIP13",0.744
"2262","NUSAP1","RAD51AP1",0.758
"2263","NUSAP1","TROAP",0.629
"2264","NUSAP1","S100P",0.428
"2265","NUSAP1","PCLAF",0.914
"2266","NUSAP1","TPX2",0.964
"2267","NUSAP1","TYMS",0.905
"2268","NUSAP1","TACC3",0.687
"2269","NUSAP1","UBE2C",0.964
"2270","NUSAP1","TTK",0.926
"2271","NUSAP1","STIL",0.487
"2272","NUSAP1","RAD54L",0.63
"2273","NUSAP1","RFC4",0.582
"2274","NUSAP1","PTTG1",0.906
"2275","NUSAP1","PRC1",0.936
"2276","NUSAP1","RANBP1",0.497
"2277","NUSAP1","TOP2A",0.999
"2278","NUSAP1","PBK",0.954
"2279","NUSAP1","TK1",0.747
"2280","NUSAP1","UHRF1",0.639
"2281","NUSAP1","UBE2T",0.65
"2282","ODC1","PAICS",0.406
"2283","ODC1","PPAT",0.465
"2284","ODC1","TYMS",0.468
"2285","ODC1","SHMT2",0.474
"2286","ODC1","PSAT1",0.515
"2287","PAICS","WDR12",0.465
"2288","PAICS","PPAT",0.999
"2289","PAICS","TYMS",0.591
"2290","PAICS","SHMT2",0.843
"2291","PAICS","TTF2",0.584
"2292","PAICS","PSAT1",0.646
"2293","PAICS","PUS1",0.433
"2294","PAICS","RFC4",0.554
"2295","PAICS","TOP2A",0.534
"2296","PBK","TRIP13",0.84
"2297","PBK","RAD51AP1",0.771
"2298","PBK","TROAP",0.546
"2299","PBK","PCLAF",0.862
"2300","PBK","TPX2",0.945
"2301","PBK","TYMS",0.885
"2302","PBK","TACC3",0.726
"2303","PBK","UBE2C",0.946
"2304","PBK","TTK",0.969
"2305","PBK","STIL",0.471
"2306","PBK","RAD54L",0.647
"2307","PBK","RFC4",0.711
"2308","PBK","PTTG1",0.861
"2309","PBK","PRC1",0.899
"2310","PBK","TOP2A",0.958
"2311","PBK","TK1",0.684
"2312","PBK","UHRF1",0.758
"2313","PBK","UBE2T",0.805
"2314","PCLAF","TRIP13",0.604
"2315","PCLAF","RAD51AP1",0.516
"2316","PCLAF","TROAP",0.499
"2317","PCLAF","TIMELESS",0.439
"2318","PCLAF","PRC1",0.58
"2319","PCLAF","RAD54L",0.595
"2320","PCLAF","TPX2",0.724
"2321","PCLAF","RFC4",0.752
"2322","PCLAF","UBE2T",0.785
"2323","PCLAF","TTK",0.81
"2324","PCLAF","TK1",0.82
"2325","PCLAF","UHRF1",0.854
"2326","PCLAF","TYMS",0.859
"2327","PCLAF","PTTG1",0.87
"2328","PCLAF","TOP2A",0.92
"2329","PCLAF","UBE2C",0.938
"2330","PHLDA1","PLEK2",0.667
"2331","PLAU","SERPINB5",0.447
"2332","PLAU","SRPX2",0.741
"2333","POLQ","RNASEH2A",0.433
"2334","POLQ","RAD51AP1",0.409
"2335","POLQ","TROAP",0.487
"2336","POLQ","TYMS",0.402
"2337","POLQ","TTK",0.432
"2338","POLQ","TIMELESS",0.457
"2339","POLQ","RFC4",0.457
"2340","POLQ","PRKDC",0.504
"2341","POLQ","RAD54L",0.504
"2342","POLQ","TOP2A",0.572
"2343","POLQ","STIL",0.784
"2344","POLR1C","WDR12",0.615
"2345","POLR1C","RRS1",0.859
"2346","POLR1C","PUS1",0.759
"2347","POLR1C","WDR4",0.413
"2348","POLR1C","RPS15",0.981
"2349","PPA1","TRAP1",0.415
"2350","PPA1","SHMT2",0.663
"2351","PPA1","UBE2C",0.422
"2352","PPA1","PRDX4",0.415
"2353","PPA1","TOP2A",0.573
"2354","PPAT","TTF2",0.441
"2355","PPAT","TOP2A",0.454
"2356","PPAT","TK1",0.508
"2357","PPAT","PSAT1",0.612
"2358","PPAT","TYMS",0.712
"2359","PPAT","SHMT2",0.863
"2360","PRC1","TRIP13",0.82
"2361","PRC1","RAD51AP1",0.646
"2362","PRC1","TROAP",0.557
"2363","PRC1","TPX2",0.999
"2364","PRC1","TYMS",0.603
"2365","PRC1","TACC3",0.737
"2366","PRC1","UBE2C",0.827
"2367","PRC1","TTK",0.87
"2368","PRC1","STIL",0.487
"2369","PRC1","RAD54L",0.401
"2370","PRC1","RFC4",0.468
"2371","PRC1","PTTG1",0.846
"2372","PRC1","UBE2T",0.474
"2373","PRC1","TK1",0.537
"2374","PRC1","UHRF1",0.687
"2375","PRC1","TOP2A",0.932
"2376","PRKDC","RFC4",0.441
"2377","PRKDC","RAD54L",0.546
"2378","PRKDC","RPS7",0.552
"2379","PRKDC","TOP2A",0.793
"2380","PSAT1","SLC7A5",0.542
"2381","PSAT1","SQLE",0.428
"2382","PSAT1","TYMS",0.543
"2383","PSAT1","SHMT2",0.916
"2384","PSAT1","TTF2",0.466
"2385","PSAT1","TRIB3",0.476
"2386","PTTG1","TRIP13",0.649
"2387","PTTG1","RNASEH2A",0.405
"2388","PTTG1","RAD51AP1",0.653
"2389","PTTG1","TROAP",0.637
"2390","PTTG1","SNRPF",0.416
"2391","PTTG1","TPX2",0.921
"2392","PTTG1","TYMS",0.703
"2393","PTTG1","TACC3",0.428
"2394","PTTG1","UBE2C",0.98
"2395","PTTG1","TTK",0.835
"2396","PTTG1","RAD54L",0.537
"2397","PTTG1","SRPK1",0.423
"2398","PTTG1","RFC4",0.628
"2399","PTTG1","UHRF1",0.629
"2400","PTTG1","TK1",0.788
"2401","PTTG1","UBE2T",0.854
"2402","PTTG1","TOP2A",0.942
"2403","PUS1","WDR12",0.792
"2404","PUS1","RRS1",0.613
"2405","PUS1","WDR4",0.91
"2406","PUS1","PUS7",0.92
"2407","PUS7","WDR12",0.534
"2408","PUS7","RRS1",0.416
"2409","PUS7","WDR4",0.771
"2410","PUS7","RPS15",0.413
"2411","RAD51AP1","TRIP13",0.633
"2412","RAD51AP1","TROAP",0.415
"2413","RAD51AP1","TK1",0.446
"2414","RAD51AP1","TYMS",0.513
"2415","RAD51AP1","STIL",0.522
"2416","RAD51AP1","UHRF1",0.612
"2417","RAD51AP1","UBE2T",0.636
"2418","RAD51AP1","TPX2",0.672
"2419","RAD51AP1","UBE2C",0.687
"2420","RAD51AP1","RFC4",0.797
"2421","RAD51AP1","RAD54L",0.798
"2422","RAD51AP1","TOP2A",0.822
"2423","RAD51AP1","TTK",0.838
"2424","RAD54L","TRIP13",0.654
"2425","RAD54L","RNASEH2A",0.467
"2426","RAD54L","TROAP",0.503
"2427","RAD54L","TPX2",0.633
"2428","RAD54L","TYMS",0.609
"2429","RAD54L","TACC3",0.447
"2430","RAD54L","UBE2C",0.569
"2431","RAD54L","TTF2",0.425
"2432","RAD54L","TTK",0.624
"2433","RAD54L","STIL",0.418
"2434","RAD54L","UHRF1",0.468
"2435","RAD54L","TIMELESS",0.52
"2436","RAD54L","RFC4",0.538
"2437","RAD54L","UBE2T",0.569
"2438","RAD54L","TK1",0.596
"2439","RAD54L","TOP2A",0.687
"2440","RANBP1","SNRPF",0.481
"2441","RANBP1","RPS7",0.434
"2442","RCC2","SLC7A5",0.412
"2443","RFC4","TRIP13",0.59
"2444","RFC4","RNASEH2A",0.728
"2445","RFC4","TPX2",0.513
"2446","RFC4","TYMS",0.857
"2447","RFC4","UBE2C",0.593
"2448","RFC4","TTK",0.571
"2449","RFC4","TK1",0.614
"2450","RFC4","TIMELESS",0.617
"2451","RFC4","TOP2A",0.829
"2452","RFC4","UBE2T",0.849
"2453","RNASEH2A","TRIP13",0.489
"2454","RNASEH2A","UBE2C",0.472
"2455","RNASEH2A","TK1",0.476
"2456","RNASEH2A","UBE2T",0.524
"2457","RNASEH2A","TIMELESS",0.559
"2458","RNASEH2A","TOP2A",0.753
"2459","RNASEH2A","TYMS",0.851
"2460","RNF43","TOMM34",0.605
"2461","RPL29","WDR12",0.761
"2462","RPL29","RPS21",0.999
"2463","RPL29","RPS15",0.999
"2464","RPL29","RPS7",0.999
"2465","RPP40","RPS7",0.812
"2466","RPS15","RRS1",0.414
"2467","RPS15","RPS21",0.999
"2468","RPS15","RPS7",0.999
"2469","RPS21","SNRPF",0.511
"2470","RPS21","RPS7",0.999
"2471","RPS7","WDR12",0.587
"2472","RRS1","WDR12",0.974
"2473","RRS1","WDR4",0.742
"2474","S100P","SNRPF",0.423
"2475","SALL4","TEAD4",0.4
"2476","SCD","SQLE",0.692
"2477","SERPINB5","TRIM29",0.604
"2478","SHMT2","TRAP1",0.579
"2479","SHMT2","SLC7A5",0.42
"2480","SHMT2","TYMS",0.997
"2481","SHMT2","TOP2A",0.401
"2482","SHMT2","TRIB3",0.534
"2483","SHMT2","TK1",0.75
"2484","SLC2A1","SLC7A5",0.719
"2485","SLC2A1","TYMS",0.453
"2486","SLC2A1","TK1",0.479
"2487","SLC6A14","SLC7A5",0.666
"2488","SLC7A5","SLCO4A1",0.42
"2489","SLC7A5","TRIM29",0.472
"2490","SLC7A5","TRIB3",0.744
"2491","SNRPB","SNRPF",0.999
"2492","SOX4","SOX9",0.552
"2493","SRPK1","TOP2A",0.507
"2494","STC1","STC2",0.552
"2495","STC2","UBE2C",0.446
"2496","STIL","TRIP13",0.512
"2497","STIL","TPX2",0.577
"2498","STIL","TTK",0.662
"2499","STIL","TOP2A",0.476
"2500","TACC3","TRIP13",0.595
"2501","TACC3","TROAP",0.701
"2502","TACC3","TPX2",0.786
"2503","TACC3","UHRF1",0.436
"2504","TACC3","TK1",0.457
"2505","TACC3","TOP2A",0.552
"2506","TACC3","UBE2C",0.685
"2507","TACC3","TTK",0.736
"2508","TFDP1","TYMS",0.546
"2509","TFDP1","TK1",0.572
"2510","TFDP1","TOP2A",0.624
"2511","TGFBI","TGIF2",0.89
"2512","TIMELESS","TYMS",0.45
"2513","TIMELESS","TOP2A",0.664
"2514","TK1","TRIP13",0.722
"2515","TK1","TROAP",0.432
"2516","TK1","TPX2",0.792
"2517","TK1","TYMS",0.991
"2518","TK1","UBE2C",0.873
"2519","TK1","TTK",0.563
"2520","TK1","TOP2A",0.806
"2521","TK1","UHRF1",0.655
"2522","TK1","UBE2T",0.705
"2523","TOP2A","TRIP13",0.823
"2524","TOP2A","TROAP",0.784
"2525","TOP2A","TPX2",0.942
"2526","TOP2A","TYMS",0.96
"2527","TOP2A","UBE2C",0.973
"2528","TOP2A","TTF2",0.494
"2529","TOP2A","TTK",0.958
"2530","TOP2A","UBE2T",0.672
"2531","TOP2A","UHRF1",0.855
"2532","TPX2","TRIP13",0.879
"2533","TPX2","TROAP",0.676
"2534","TPX2","TYMS",0.67
"2535","TPX2","UHRF1",0.699
"2536","TPX2","UBE2T",0.799
"2537","TPX2","TTK",0.935
"2538","TPX2","UBE2C",0.965
"2539","TRIM29","UBE2C",0.55
"2540","TRIP13","TROAP",0.539
"2541","TRIP13","UHRF1",0.54
"2542","TRIP13","TYMS",0.611
"2543","TRIP13","UBE2T",0.667
"2544","TRIP13","TTK",0.759
"2545","TRIP13","UBE2C",0.828
"2546","TROAP","UBE2T",0.411
"2547","TROAP","TTK",0.658
"2548","TROAP","UBE2C",0.778
"2549","TTK","TYMS",0.67
"2550","TTK","UBE2C",0.911
"2551","TTK","UHRF1",0.554
"2552","TTK","UBE2T",0.565
"2553","TYMS","UHRF1",0.578
"2554","TYMS","UBE2T",0.671
"2555","TYMS","UBE2C",0.858
"2556","UBE2C","UHRF1",0.681
"2557","UBE2C","UBE2T",0.794
"2558","UBE2T","UHRF1",0.709
"2559","WDR12","WDR4",0.626
